Hours_Studied,Attendance,Parental_Involvement,Access_to_Resources,Extracurricular_Activities,Sleep_Hours,Previous_Scores,Motivation_Level,Tutoring_Sessions,Teacher_Quality,Physical_Activity,Learning_Disabilities,Predicted_Score
20,71,2,1,0,7,87,3,1,2,5,0,65.1383992867558
22,71,2,1,1,7,98,1,2,3,2,0,66.30467354065821
21,91,3,2,1,6,53,3,1,2,3,0,70.07669244347152
12,91,2,1,1,8,81,1,0,1,4,0,64.77715218631434
21,63,1,3,1,8,95,2,2,2,5,0,65.79856348171174
21,79,1,2,1,7,84,1,2,2,3,0,66.57532057574767
37,73,2,3,1,6,71,2,0,3,5,0,71.86255330298519
24,84,1,2,1,7,52,2,0,3,3,0,66.92613379360566
17,98,3,1,1,10,71,2,0,3,3,0,69.54102214845082
16,94,3,3,1,9,76,2,0,3,2,0,70.60087055263963
22,68,2,2,0,4,87,3,2,2,3,0,66.39372866879566
24,96,2,3,1,5,69,2,1,2,4,0,72.39088959656816
22,68,2,3,0,7,76,2,1,2,4,0,65.93884162186062
17,67,2,2,0,9,97,2,1,1,3,0,63.533904632508005
17,72,1,2,1,5,66,2,2,3,3,0,64.24160555386956
17,60,3,2,1,9,86,2,0,3,2,0,63.57696592100903
22,60,2,2,0,6,92,1,2,3,2,0,64.28568058199042
25,97,1,3,1,5,85,2,2,2,2,0,72.81701787499074
21,79,2,1,0,5,86,1,1,2,2,0,65.44401804392857
11,82,3,3,0,7,97,1,2,2,3,0,67.36526141995769
18,69,3,2,1,7,100,2,3,3,2,0,67.92907395735858
20,98,2,2,0,6,80,2,0,2,2,0,69.67221578867495
19,65,2,2,1,10,66,1,0,2,3,0,62.25098958765061
14,78,2,2,0,4,62,2,1,2,4,0,63.953230998967896
13,86,2,1,1,5,54,2,3,3,3,1,64.92136552558406
25,94,3,3,0,5,85,3,1,2,2,0,73.69603307581139
17,100,2,2,0,5,76,1,3,3,3,0,70.72297616493933
24,74,3,3,0,4,95,3,1,2,4,0,70.26412484245375
19,70,2,1,0,7,54,3,0,2,2,1,61.156948808973254
30,98,1,2,0,7,51,3,0,2,2,0,70.6772977225886
21,95,2,2,0,7,63,2,1,2,4,0,69.36897506471416
19,77,1,2,0,5,90,1,1,3,3,0,65.35764626398775
23,77,3,3,1,7,51,2,1,1,3,0,67.71656055880476
3,62,2,1,0,6,67,2,1,2,3,0,56.55371892901351
16,79,2,2,0,8,82,1,2,2,3,1,64.56618723689397
23,78,2,2,1,6,54,3,0,2,3,0,66.58572942760213
20,98,1,3,1,8,67,2,0,2,3,0,69.75484981822535
13,97,3,3,1,5,87,1,1,3,2,0,70.92436389553401
14,86,1,2,1,10,78,2,3,3,4,1,66.4458475683438
20,97,2,3,0,5,62,2,1,2,4,0,70.49741126375756
20,61,2,3,0,9,81,2,0,3,2,1,62.96848959772426
25,62,2,2,1,7,95,1,1,2,4,1,64.70116453488339
20,73,3,3,0,5,70,3,1,3,2,0,67.84653011665529
16,78,2,3,0,6,83,2,0,1,3,1,64.4675471666716
22,64,2,2,1,7,62,2,3,2,4,0,65.0451492706758
5,95,2,3,1,8,92,1,1,3,2,0,67.34525900559478
13,84,1,2,0,10,71,1,1,3,3,0,63.96457755566047
30,74,2,3,0,8,94,1,0,2,3,0,69.10809976685525
30,63,3,1,0,5,97,3,2,3,2,1,67.68511695702324
39,75,2,3,1,6,82,3,1,1,3,0,73.03882618927986
8,60,3,2,1,9,93,3,0,3,3,0,61.99135628268553
20,85,1,2,1,5,75,1,1,2,2,0,66.40292644443988
19,61,2,2,0,6,66,2,0,2,1,0,61.15624489113003
16,100,3,1,1,8,63,3,2,2,3,0,70.33861693543005
31,70,2,3,1,7,66,2,1,2,3,0,68.89561253753894
5,61,3,2,0,9,84,3,1,2,3,0,60.28013526403855
21,63,2,2,1,6,64,1,1,3,3,0,63.46818982551743
23,85,2,2,1,6,91,1,1,3,3,0,69.75033115541387
14,90,2,2,1,7,51,2,1,2,4,1,65.46211868722314
22,91,2,3,0,5,61,2,3,3,2,0,71.05339370045402
22,97,2,2,1,6,88,3,1,1,4,0,71.88996230560716
25,91,2,3,0,7,92,2,3,2,5,0,73.37370300875403
20,79,2,3,1,4,79,1,0,3,4,0,67.82015635642716
13,93,2,3,1,7,51,1,1,3,3,0,67.48133016566518
18,72,1,1,1,5,61,1,1,2,4,0,61.8580655177359
22,70,1,2,1,6,82,2,1,3,3,0,65.54645369598856
34,82,2,3,1,9,87,3,3,2,4,0,74.87210885732932
30,70,2,2,0,9,57,2,1,2,4,0,66.68038478158655
19,70,2,3,1,10,92,2,1,3,4,0,67.28232183072035
18,97,2,3,0,8,67,2,1,3,3,0,70.44719596484734
13,67,2,2,1,6,80,3,1,3,2,0,63.60700125638847
16,93,2,1,1,7,81,2,2,2,3,1,67.42194169454889
23,65,3,3,0,7,57,1,1,2,4,0,65.19356210401081
21,95,2,1,0,5,87,1,2,2,4,0,69.53280360416474
28,87,2,2,0,8,95,2,2,1,3,0,71.1727732565549
19,72,1,3,1,5,96,1,3,1,2,0,66.06858771923041
22,64,3,1,0,7,59,3,0,3,5,1,63.13345626767182
27,69,2,1,1,5,93,2,1,2,4,0,67.00101079575708
12,72,2,2,1,8,79,3,1,2,3,0,63.86083771189304
30,67,2,2,0,7,97,3,2,2,3,1,68.08739767845594
22,64,1,2,0,7,98,1,1,2,3,0,63.461867887565575
23,81,2,1,1,7,74,2,0,2,0,0,66.06618299891956
22,98,2,2,1,6,93,2,4,2,4,0,73.86478522988361
16,99,2,3,1,7,60,2,2,3,3,0,71.04017873322167
19,96,1,2,0,7,71,2,2,3,3,0,69.22458551983829
14,61,1,3,0,10,62,2,0,2,4,0,59.92549435054625
12,70,2,2,1,7,93,2,1,3,4,0,64.32550340744183
15,88,3,3,1,6,95,2,2,2,4,0,70.94212973881395
30,91,3,2,0,9,62,1,3,3,4,0,73.14697809747184
16,82,2,2,0,6,91,2,0,2,3,0,66.01846408092086
20,90,1,2,0,7,65,1,4,3,4,0,68.69038748957473
3,83,3,1,1,7,59,1,2,3,5,0,62.773405046284445
25,95,2,2,1,7,77,3,0,3,3,0,72.18104710706601
28,95,1,2,0,8,52,3,3,3,4,0,71.92655582294053
15,78,2,2,1,7,81,2,0,1,2,0,64.30877889799022
20,86,2,2,0,6,97,1,1,2,2,0,68.0861184340416
24,89,3,2,0,8,69,1,3,2,2,0,70.49360210513461
21,94,2,2,0,7,71,1,1,3,2,0,69.21237272950094
22,72,3,2,1,5,67,1,2,2,4,0,66.89782065471539
16,93,2,3,0,10,55,2,2,2,2,0,68.2560852780783
29,96,2,3,1,8,95,2,0,2,2,0,74.19866001149745
25,72,2,3,1,7,89,2,2,3,3,0,69.69956613567567
15,79,3,2,1,6,88,2,3,2,3,0,68.12641708044652
18,97,3,2,1,4,75,1,0,2,3,0,69.9264101816828
20,79,3,3,1,7,85,1,2,2,2,0,69.2282758628395
23,73,2,3,0,10,85,2,1,2,3,0,67.42994850720166
27,74,2,3,0,6,51,3,2,2,4,0,68.45064314597161
31,86,3,3,1,6,66,2,3,2,3,0,74.15335703988708
23,92,2,3,0,9,100,2,1,3,2,1,71.46109887571502
26,79,2,1,0,7,97,2,1,2,2,0,67.93081865145652
14,62,2,3,1,7,79,1,2,2,2,0,62.77560839194758
14,70,2,2,1,9,88,1,0,2,4,0,63.0474041250092
18,91,2,2,0,7,63,2,1,2,4,0,67.69513778581532
20,68,3,2,1,7,55,3,0,1,3,1,63.371068059993405
27,87,2,2,1,8,56,2,3,3,3,0,71.13358173901842
23,77,2,2,1,5,72,2,2,3,5,0,68.64044200403012
20,72,3,1,1,7,90,1,0,3,3,0,65.69147682853352
22,82,1,2,0,5,67,1,1,3,1,1,64.9097409209571
30,70,2,3,1,9,83,2,1,2,2,0,69.21704345200713
14,62,3,2,0,4,100,1,1,2,3,0,62.92827644423443
27,86,2,2,0,6,74,2,2,3,3,0,70.75691559147586
28,65,2,2,1,5,59,3,2,2,5,0,67.08635762737974
8,88,2,2,1,8,92,3,1,2,4,0,66.68185609867881
18,67,3,1,0,4,73,1,0,2,2,0,62.07152122894402
32,93,2,2,1,8,93,3,1,3,3,0,75.09766848103786
22,99,3,1,0,7,65,2,3,1,3,0,70.88088100875075
19,61,2,2,0,7,74,1,2,2,3,0,62.35323200780285
26,68,2,3,0,6,98,1,2,2,3,0,68.00964006377876
25,92,1,3,0,5,72,2,1,2,4,0,70.42886876350698
23,95,3,1,0,7,92,3,1,2,1,0,71.38539687535757
38,86,3,2,0,6,88,3,1,3,4,0,75.86192780720063
14,96,2,1,1,9,69,3,0,2,3,1,66.31514262232263
27,85,3,2,1,8,66,2,2,3,4,1,71.03137470827866
19,70,2,2,1,6,67,2,5,1,4,0,66.1305957286888
16,73,3,1,1,8,58,2,1,2,4,0,63.83459585864581
22,86,3,2,1,7,56,2,1,2,4,0,69.13002593355145
23,94,1,2,0,8,58,3,5,1,6,0,70.87034973999691
19,62,2,3,1,6,82,2,0,3,3,1,63.7429805864158
20,73,2,1,1,8,93,3,1,3,4,0,66.74760501669493
23,90,3,3,0,7,87,3,1,2,2,0,72.36738187385723
17,76,3,2,1,8,94,2,3,2,4,0,68.52933967887392
14,87,2,3,1,7,61,2,0,2,3,0,66.55912329309727
6,84,2,2,1,6,88,2,1,2,5,0,64.78383729876828
30,77,2,1,1,9,70,2,0,3,1,0,67.77088674514732
14,90,2,3,1,7,60,2,2,2,4,0,68.30458260366217
20,81,2,1,1,6,53,1,0,1,4,0,63.804406234339815
25,72,2,2,1,8,52,1,0,2,2,0,64.59389785250485
17,82,2,2,1,7,59,2,3,2,4,0,67.02549952255373
14,83,2,1,1,6,82,2,0,2,2,0,64.58379837936847
15,64,1,1,1,9,84,1,0,2,3,0,59.73453304053476
11,78,3,2,1,8,100,3,1,2,3,0,66.80526704645357
25,65,1,2,0,6,94,2,1,3,4,0,65.59566514937472
25,87,2,1,1,7,74,1,0,3,4,1,67.64851810189793
20,62,2,1,1,6,80,3,1,3,3,0,63.798506950083386
22,91,3,2,0,6,85,1,2,2,2,0,70.61657523280383
19,70,2,2,1,6,90,1,2,2,3,0,65.53068923242017
26,64,3,2,0,8,91,3,1,2,4,0,67.54604667321772
11,68,3,2,1,5,87,2,1,2,4,1,63.01565081494249
31,88,2,3,0,7,83,2,0,2,2,0,72.04378099272827
15,81,3,2,0,5,68,1,0,3,3,0,65.44130821820838
14,92,2,3,1,9,58,3,1,1,2,0,67.7188649603742
24,61,1,2,0,5,94,2,3,3,2,1,64.35334661230746
14,66,3,1,0,7,96,2,3,3,3,0,64.52678997895539
19,65,2,3,1,9,60,1,1,2,3,0,63.52138608722598
17,78,2,1,1,9,51,3,1,2,3,0,64.10734343155666
21,75,3,3,0,7,70,3,1,3,3,0,68.6619026209068
22,82,2,1,0,5,54,2,2,2,2,0,65.82645721549972
29,78,3,2,0,6,92,2,2,2,4,0,71.28443954875806
23,80,2,2,1,7,91,1,5,2,1,0,69.92228788373879
20,93,2,3,0,10,97,2,1,2,2,0,70.95400396578387
7,60,2,3,1,10,69,1,0,2,3,0,58.92020642406106
20,83,2,2,0,6,51,2,2,3,4,0,67.16374024942374
23,81,2,3,0,9,59,1,2,3,2,0,68.11807217050574
27,67,1,2,1,6,90,2,2,3,3,0,67.31240655214907
23,64,2,3,1,8,68,1,3,3,3,0,66.45589415199018
16,68,2,2,1,7,85,2,1,2,2,0,63.842599276396314
23,71,2,2,1,5,50,2,1,3,1,0,65.18553294083003
20,72,2,1,1,6,89,1,1,2,3,0,64.63280092751197
16,96,2,2,0,6,50,3,1,3,3,0,68.38958209298583
19,79,2,2,0,4,76,3,1,2,3,0,66.66067489970774
17,82,3,2,1,7,65,2,1,2,5,0,67.47834667479856
23,68,2,2,1,8,80,2,1,1,1,0,64.92756127840124
22,77,2,3,0,6,71,3,3,2,4,0,69.07384470065843
11,89,2,2,1,5,63,2,0,2,2,0,65.02738463705941
28,74,2,2,1,9,96,1,0,3,3,0,68.68220642833246
17,85,3,2,1,7,87,2,1,2,1,0,68.47077305581942
8,84,2,1,1,9,56,1,1,2,2,0,61.677446579717895
20,87,2,2,0,8,89,1,2,2,3,0,68.53455749454928
37,79,2,3,0,6,95,3,1,2,1,0,73.48902257443041
20,74,3,3,0,7,69,1,2,3,2,0,67.39651421629515
15,67,1,2,1,5,59,1,0,2,3,0,60.23151619075419
24,77,2,2,1,6,64,2,2,2,4,0,67.82619515152487
18,76,1,3,1,10,82,3,1,2,4,0,66.68868412082875
13,73,2,2,1,7,51,2,1,2,4,0,62.64653182458816
17,64,2,2,1,6,60,2,1,2,2,1,61.27919900435411
20,84,2,3,1,6,57,3,2,2,4,0,69.27336644243775
27,68,3,2,0,6,52,2,1,1,5,0,65.89042731896001
16,62,2,2,1,7,79,1,2,2,3,0,62.50251463020635
18,99,2,3,1,10,51,2,1,1,4,0,69.72291308641181
15,86,2,3,0,8,99,3,2,2,5,0,69.79470591415247
15,78,2,3,1,9,63,2,2,2,3,0,66.13797801086196
18,75,2,2,1,9,87,1,3,2,3,0,66.53626313985639
12,68,2,3,0,7,98,2,1,3,4,0,64.61302869239772
23,73,3,3,0,8,78,1,0,2,4,0,67.27347596664515
21,77,2,3,1,6,70,1,2,2,2,0,67.39500267966903
11,97,2,2,1,8,83,1,4,3,2,0,69.57404398120494
7,79,1,3,1,9,85,2,0,2,2,0,62.85382899092613
26,90,1,3,1,6,81,2,1,2,3,0,71.15265585227957
16,89,3,2,0,9,96,2,2,1,3,0,69.1107555475177
17,89,2,2,1,6,82,2,3,2,3,0,69.39249676643824
17,98,3,3,0,6,68,2,2,2,3,0,71.45403278244049
7,62,3,2,1,8,51,1,0,1,3,0,57.95440591701102
19,69,2,3,1,7,82,3,1,2,2,0,66.33405154326502
36,96,2,1,0,7,96,2,1,3,3,0,74.88761707714616
12,85,2,2,1,6,78,3,3,2,4,0,67.64356811422883
16,62,1,2,0,8,74,2,2,3,3,0,61.6956013780762
27,98,2,3,0,4,82,2,0,2,3,0,73.05456591886914
33,61,1,1,1,5,96,2,2,2,3,0,66.63114557385595
16,94,1,2,0,8,85,2,3,3,2,0,68.95290221164862
19,81,3,2,0,7,100,2,1,2,5,0,68.98229673590188
19,73,2,2,1,7,85,2,1,2,3,0,65.88459865056664
30,73,3,2,1,8,100,2,2,3,2,0,71.69703999739747
11,94,3,1,1,10,61,2,1,1,3,0,65.96512870807277
27,91,2,1,0,8,57,2,0,1,4,0,67.94469986766018
20,78,3,2,0,7,80,3,2,2,3,0,68.41485932632861
25,66,2,2,1,6,99,2,2,2,3,0,67.45954994356725
12,61,1,2,1,8,92,2,2,2,4,1,60.56417777250687
23,87,2,2,1,6,98,2,3,2,3,0,71.52538306634258
14,62,2,2,0,9,73,2,1,2,6,0,61.52645364395559
27,73,1,1,0,9,97,2,2,3,1,0,66.83460861782339
16,72,2,3,0,6,58,1,1,2,2,0,63.25667575417522
29,64,2,3,1,7,74,2,0,2,2,0,66.82195300550183
17,70,3,2,0,8,82,1,2,3,2,1,64.4417285596019
13,96,2,2,0,10,51,2,1,1,3,0,65.88522676472367
34,92,3,2,0,7,68,1,0,3,5,0,73.4791176782395
24,95,3,2,0,7,66,1,2,3,3,0,71.74717795209554
13,77,3,3,1,7,69,2,2,3,5,0,67.573960037761
17,87,3,3,1,6,94,2,2,2,3,0,71.10976479294256
34,98,2,3,0,7,79,2,1,2,4,0,75.57025465188528
15,89,3,1,0,9,73,3,2,1,2,0,67.03966938386017
26,65,1,2,0,7,53,1,3,2,2,0,63.499875462218355
15,77,2,2,1,7,52,2,1,2,2,0,63.7390580570471
24,91,1,2,1,8,52,2,1,2,5,0,68.62410353735734
13,73,2,3,1,7,60,3,0,3,3,0,64.48949364208652
20,81,1,2,0,6,54,1,0,1,2,0,62.938745294897494
17,63,2,2,0,4,92,2,2,2,4,0,63.81318601814927
25,73,3,2,0,6,54,3,2,2,4,0,67.80593352408026
19,89,2,1,0,10,74,2,1,2,2,0,66.69318179983051
15,83,2,3,0,4,98,1,3,3,3,0,68.86903830578501
15,98,2,2,1,7,89,1,2,1,3,0,69.34498827816196
28,73,2,3,1,6,96,2,1,2,0,0,69.59149555428715
14,89,3,3,1,4,73,2,2,3,3,0,70.18100731350154
21,60,3,1,0,8,78,2,2,3,2,0,63.79638703808262
23,68,2,3,0,5,91,1,5,2,1,0,68.01796707243446
14,94,2,3,1,7,71,2,0,2,3,1,67.57588779963646
19,96,1,1,1,5,70,3,0,2,2,0,67.589774332551
23,91,2,1,1,10,98,3,0,3,3,0,70.72794037657516
18,98,1,2,0,9,53,2,0,2,1,0,66.51977985691589
24,89,3,2,1,7,99,2,2,3,4,0,73.44373455533346
15,83,2,1,1,8,91,2,0,2,3,0,65.43830339147422
26,93,3,2,0,5,85,1,1,3,3,0,72.38773934726859
22,79,1,3,1,6,96,2,1,2,2,0,68.3522024971596
16,71,2,2,0,8,51,2,0,2,2,0,61.667581518479125
26,71,2,2,1,7,91,2,2,2,3,0,68.33700922254758
21,74,1,2,0,6,55,3,3,2,2,0,65.02193052772887
20,64,2,3,0,6,53,3,4,2,4,0,65.53677061150852
17,72,3,2,1,7,94,3,1,2,5,0,67.43085111745827
24,72,3,2,1,7,95,2,3,2,2,0,69.51072650621198
23,74,2,2,0,4,67,2,3,2,5,0,67.22538033723836
22,83,1,3,1,8,53,2,0,1,2,0,65.97370178108201
20,79,2,2,0,8,83,2,3,2,4,0,67.86592255384522
20,99,1,2,0,7,80,3,0,3,3,0,70.0601005290921
24,99,2,2,0,10,51,1,1,2,3,0,69.68883595740205
29,66,3,3,0,6,66,2,0,2,3,0,67.4585231425433
23,60,3,2,1,9,56,1,0,2,4,0,63.147531143205995
20,89,3,2,1,6,70,1,1,2,3,0,69.14265482741655
12,67,2,3,1,8,77,2,2,3,3,0,64.29847878256744
18,86,2,2,1,6,88,2,2,3,2,0,69.22246207671752
17,86,2,3,0,5,97,3,3,2,3,0,70.52426078984584
30,62,2,3,1,6,63,2,2,3,4,0,68.09415632940076
15,71,1,2,0,8,60,3,5,3,4,0,64.76104533215778
19,97,1,3,0,9,78,2,0,2,4,0,69.36159393101872
20,99,2,2,0,8,75,2,2,3,2,0,71.13772501489812
31,92,2,2,1,4,76,2,2,3,4,1,73.1507832932349
21,61,2,2,0,4,90,1,2,1,3,0,63.255942934331564
12,79,1,3,0,6,55,2,1,3,4,0,63.71658266502419
11,82,2,2,1,8,88,2,1,2,2,0,65.29542818950401
17,61,1,3,1,7,75,2,2,3,4,0,63.63802150521684
15,89,2,1,0,6,55,2,1,2,4,0,65.02656333531365
23,76,2,2,1,7,57,3,1,2,3,0,66.82456291132144
20,81,3,2,1,6,51,3,3,2,4,1,68.02576497434205
15,72,2,1,1,9,80,2,4,3,4,0,65.43879028611664
8,95,2,2,0,7,73,1,2,2,2,0,65.69743809551431
13,89,1,3,1,6,98,2,0,2,4,0,67.6365534118483
29,62,1,3,1,7,53,3,0,2,3,0,65.08638113028445
23,74,3,1,0,6,100,1,2,1,3,0,66.86640584826173
27,95,1,3,1,6,94,3,2,2,4,0,74.29118446725175
17,72,1,2,0,8,96,3,2,3,3,0,65.58580488803973
19,74,2,3,0,9,82,3,2,2,3,0,67.38531295672294
23,68,1,1,1,7,92,2,3,3,4,0,66.07410029080289
20,99,2,1,1,5,97,1,4,2,3,0,71.96606573829575
20,61,3,2,0,8,99,2,0,3,4,0,65.0616112499371
23,87,3,1,0,6,81,1,5,3,2,0,70.9580339490372
19,95,1,1,1,5,86,2,0,2,4,0,67.97136621728953
31,63,2,3,0,9,86,1,0,2,3,0,66.79681023295059
35,64,2,1,0,6,85,3,2,3,2,0,68.5848820062238
24,88,2,2,1,6,94,2,0,2,2,0,70.11247655493267
26,69,3,3,1,6,90,2,3,2,3,0,70.47149759197376
13,98,2,3,1,6,71,2,1,3,1,0,69.66998146386624
26,95,1,3,0,7,77,2,0,2,3,0,70.83531872752249
13,90,2,2,0,5,63,2,0,2,4,0,65.56539068523126
23,89,1,2,0,5,85,1,0,2,3,0,67.63486671226997
15,74,3,3,0,8,60,1,3,2,5,0,65.9694620799483
18,74,2,2,0,6,78,3,0,2,2,0,64.74240837034077
10,96,2,2,0,4,99,2,1,2,5,0,68.34011261260389
26,76,2,2,0,7,59,1,0,2,1,1,64.42891146740754
14,68,2,3,0,7,76,2,2,2,3,0,63.94591271628804
13,97,3,3,0,7,70,2,1,3,4,0,70.34254234440121
11,97,2,2,0,7,91,2,1,2,4,0,68.20721631017898
29,77,2,1,1,7,68,3,1,2,3,0,68.28576600172431
21,98,2,3,1,9,70,2,0,3,1,0,71.37895421501094
19,91,3,1,0,6,52,2,2,2,4,1,67.11661378196209
19,65,2,3,1,9,91,2,1,3,4,0,66.25935313416772
2,98,1,3,1,7,80,3,2,3,1,0,66.9003596986999
23,85,2,2,1,7,99,3,1,3,5,0,71.52504338466372
23,81,2,1,0,4,84,2,2,2,5,0,67.90721156339389
11,97,2,3,1,8,60,2,0,1,3,0,67.07829661623605
20,95,2,1,1,7,62,1,2,2,4,0,68.56383269428068
18,86,1,1,1,9,64,1,3,3,3,0,66.09035465132396
23,61,2,3,1,8,85,2,1,3,0,0,65.68590565620093
11,94,2,1,1,8,66,3,1,1,4,0,65.9369956121934
26,66,3,3,1,5,82,2,1,2,3,0,68.4793290082691
28,73,1,2,1,8,54,2,4,2,1,0,67.16844895343883
28,89,2,1,1,6,71,1,2,2,4,0,70.16566307591287
23,95,2,2,1,7,75,2,2,2,2,0,71.29643732157146
20,79,1,2,1,6,59,2,0,2,2,0,64.42816607710377
3,99,2,1,1,7,68,2,2,2,3,0,65.0513099007208
22,95,3,2,0,7,59,2,2,2,3,1,69.9662803052232
18,79,2,3,0,9,92,1,1,2,3,0,66.99222938157635
22,74,2,1,0,5,61,2,1,2,3,0,64.2277318201844
35,68,1,3,1,5,64,2,0,1,4,1,66.85757511340142
21,79,2,1,1,7,81,1,2,2,4,0,66.59138902660297
13,70,2,2,0,5,59,2,0,3,2,0,61.57353597564561
19,65,3,3,1,5,74,2,1,2,3,0,65.84542548913618
29,86,2,3,0,10,84,1,1,3,4,0,71.88567130855165
17,67,2,2,1,4,71,2,3,3,2,0,64.87476319273108
14,94,3,3,1,8,83,2,4,1,5,1,71.02292882200896
30,69,2,2,0,8,92,2,2,1,3,0,68.02395552268948
13,81,1,2,1,6,85,1,1,2,3,0,64.193298494428
26,98,1,2,1,6,73,2,2,1,3,0,71.31886103469074
19,67,2,2,1,6,75,3,1,2,3,0,64.75962869729213
15,73,2,3,0,5,61,1,1,3,2,0,63.85817294109467
21,69,2,2,1,5,62,3,2,2,3,0,65.64620610157581
18,64,2,1,1,10,68,1,1,2,5,0,61.6817566366965
18,93,1,3,1,6,80,2,1,2,3,0,69.36417648517022
20,89,3,2,1,9,82,2,2,3,3,0,71.23488342503461
18,79,1,3,0,4,74,1,2,2,1,0,65.38396990750618
24,86,2,2,1,7,88,2,1,2,3,0,70.0824492236533
17,66,2,2,1,7,89,2,0,2,3,0,63.58596267465046
16,76,1,2,1,5,79,2,0,3,4,0,64.52037255860145
29,71,2,2,1,6,86,2,1,2,2,0,68.31009444965909
12,96,1,2,1,7,71,3,2,2,2,0,67.60232292803067
21,77,1,2,1,7,65,2,2,3,2,0,66.14515171289727
21,70,2,2,1,7,83,2,1,2,3,0,65.77386916316583
18,96,3,3,0,7,75,3,2,3,2,0,72.5584711636333
18,73,1,2,1,8,88,1,3,2,4,0,65.3578183094193
24,64,2,3,1,6,85,3,0,1,3,1,65.23087433820666
19,98,1,3,1,7,67,3,1,2,4,0,70.70234154024004
23,87,3,3,1,10,87,2,1,2,3,0,71.92033521213338
30,88,3,2,1,6,64,2,1,2,2,0,71.93986389830879
28,90,3,1,1,8,75,2,1,3,3,1,71.04887385517006
28,83,2,1,0,8,61,2,1,2,5,1,67.18130369919524
9,78,2,2,0,7,98,1,3,2,2,0,64.33118495737506
27,77,1,3,0,7,86,3,1,3,3,0,69.55296752495929
23,99,2,3,0,7,89,3,1,2,3,0,73.40768654480462
14,73,3,2,1,6,57,3,2,2,4,0,65.3209133417682
22,95,1,3,1,6,69,3,3,2,2,1,70.9254590403182
17,79,3,3,1,8,78,2,2,2,5,0,69.03063814155487
20,64,2,3,0,8,82,2,3,1,3,0,65.15900461991407
27,83,2,3,1,9,94,2,2,3,2,0,72.50627712206006
25,65,3,2,1,4,84,3,1,2,2,0,67.44700344528975
18,65,2,3,0,6,83,1,1,3,2,0,64.18829422494053
8,99,2,2,0,9,54,1,2,2,5,0,66.03282964510157
19,62,3,2,1,9,94,2,0,1,4,0,64.23409970443129
17,82,3,1,0,9,56,1,3,2,2,0,65.37219262739353
24,76,1,3,0,8,83,2,1,2,4,0,67.4164472113876
25,73,1,1,0,8,69,2,3,2,3,0,65.23555589309109
12,69,3,2,1,7,92,1,1,2,3,0,63.86683089078081
22,72,1,2,0,6,70,1,1,2,3,0,63.716579273087405
14,69,3,2,1,4,71,2,1,2,4,0,64.20024492607239
16,66,1,2,1,8,87,3,3,2,2,0,64.06198380377626
26,77,2,2,1,8,61,2,1,2,4,0,67.7067468244033
20,90,3,2,0,7,74,1,0,1,3,0,67.8908635415253
25,88,2,2,1,8,95,1,1,3,4,0,71.25176208990317
21,75,2,1,1,8,75,3,1,2,2,0,65.69887566934321
19,79,2,3,1,5,59,2,2,2,2,0,67.23133751466692
17,83,1,2,0,9,80,2,4,3,2,0,67.30119130493281
26,63,2,2,1,5,76,2,3,3,5,1,66.57047628705939
36,76,2,2,0,6,96,2,1,2,2,0,71.25500291543236
23,74,2,3,1,6,93,2,4,2,3,0,70.231405847975
18,96,2,3,1,6,92,2,2,2,3,0,72.07887592377637
15,74,1,1,0,10,71,2,0,3,2,0,61.38213692644818
15,96,2,1,0,7,54,1,0,2,3,0,65.13329629265861
26,62,2,2,1,8,69,2,2,3,3,0,65.97754614996407
20,92,2,2,1,9,93,1,3,2,2,0,70.63169424917544
30,99,2,2,1,5,70,1,2,2,4,0,73.74297221521743
16,98,2,1,0,8,100,1,2,2,1,0,68.72883108514753
19,79,2,3,1,7,66,1,3,2,3,1,66.81032619364797
15,92,1,2,0,8,69,2,1,2,4,0,66.26794607585748
21,97,2,2,1,6,80,1,2,2,4,0,71.17863918856493
18,89,2,2,1,6,52,2,3,3,3,0,68.7519832597741
14,84,3,2,1,9,86,3,1,2,4,0,68.34350439818053
13,76,1,2,1,10,97,3,4,1,3,0,65.776539381791
18,71,3,2,0,9,71,2,1,3,3,0,65.43098439913439
30,100,3,3,1,6,90,1,0,1,2,1,74.18263618845175
28,99,2,2,1,6,88,2,3,2,4,0,75.06053108608532
25,85,3,3,0,5,59,2,3,2,4,0,71.46786855800588
23,91,3,1,0,6,57,2,2,2,3,0,69.22447186993878
26,99,2,2,0,6,94,3,2,2,3,0,74.03694681830746
26,64,2,3,0,6,91,2,1,2,4,0,67.06221624384318
11,76,2,2,1,7,71,2,1,1,2,0,62.768626108993516
9,90,2,2,1,8,65,2,0,2,5,0,65.17966178067142
13,88,2,2,1,4,68,3,1,2,2,0,66.72654551140516
18,78,1,2,1,9,59,3,0,3,1,0,64.47049445901158
17,67,3,3,1,9,94,2,2,1,3,0,66.53101731826683
20,71,2,2,1,5,75,1,0,2,4,0,64.45633619760056
17,78,2,3,0,7,64,2,0,2,3,0,65.20455613933116
32,61,3,2,1,7,69,3,0,2,3,0,67.55453031439708
28,62,1,3,0,8,85,2,2,3,3,0,66.76359269901391
23,75,1,3,0,6,71,1,0,2,2,0,64.99917982327327
29,77,1,3,0,6,85,2,1,2,1,0,68.71180714074484
22,88,2,2,1,9,58,1,3,2,2,0,68.71667222626485
17,86,1,2,0,6,62,1,2,3,4,0,65.86545320131206
31,96,2,2,1,8,93,1,3,2,3,0,74.83428189953966
28,70,2,2,1,4,96,1,1,2,2,0,67.81422473098064
28,80,2,3,1,8,61,1,1,2,3,0,69.21157610258233
30,84,3,1,1,5,66,1,0,1,2,0,68.66065985514898
14,78,3,3,1,8,80,1,1,2,1,0,66.32781097839506
5,84,2,2,1,8,93,3,4,3,3,0,66.95515636479325
11,100,3,3,1,8,58,3,1,2,3,0,70.17346725999352
27,76,3,3,1,9,55,2,3,2,0,0,69.88347317705379
21,83,3,1,1,7,89,1,0,1,2,0,66.90574313444765
20,78,2,2,0,6,77,2,3,2,3,0,67.25024613598166
23,99,1,1,1,6,68,3,1,2,3,1,69.05496726746046
24,80,2,3,1,7,99,1,2,2,2,0,70.25784241306818
21,72,2,3,1,9,80,1,1,2,3,0,66.47362176434788
22,65,2,2,1,9,66,3,2,2,4,0,65.41603965481761
11,81,1,3,1,7,63,2,3,2,2,0,64.93660505945672
13,73,2,3,0,8,93,2,0,3,3,0,64.95386145603291
22,64,2,2,0,6,73,3,3,2,4,0,65.5538663189669
16,71,2,3,0,9,69,2,1,2,4,0,64.39867514850863
21,66,2,2,0,9,62,1,3,2,2,0,63.65101612884456
9,87,1,1,0,8,71,1,0,3,1,0,61.56011132126535
16,84,2,3,1,8,51,1,0,2,3,0,65.5021307352094
19,99,1,1,0,8,79,3,3,2,4,0,69.8542218545382
27,90,3,2,0,8,96,3,0,2,4,0,72.74949143393931
34,79,3,1,1,7,79,1,3,3,2,1,71.15005857711904
7,61,1,3,1,4,76,3,1,2,5,0,60.49480563724092
17,85,2,1,0,7,94,3,4,2,3,0,68.59563724621671
21,84,3,1,1,8,87,1,2,2,1,0,68.3704473112185
17,72,3,3,1,6,65,1,3,3,2,0,67.04600179271065
8,61,2,2,1,7,54,2,1,2,3,0,58.77093016415054
31,84,2,2,1,9,87,2,2,2,3,0,72.15010307122152
20,86,1,2,0,9,57,2,0,3,4,0,65.94014928496853
15,75,2,3,1,4,65,3,1,1,4,0,65.41197797749825
28,64,2,2,1,9,56,2,1,1,2,0,64.57090166201036
13,72,2,3,0,8,56,1,1,3,4,0,63.10253754793501
34,91,2,1,0,9,98,2,0,2,4,0,72.48850761182617
26,67,1,2,1,5,62,3,0,2,2,0,64.4929865173574
20,91,3,3,1,5,61,1,4,2,2,0,71.52421077904917
11,70,2,2,0,6,98,2,3,2,4,0,64.21614771905719
36,71,2,2,1,6,56,2,2,2,2,0,69.41019418539123
33,76,2,2,1,10,92,1,1,2,3,0,70.31250010104799
23,68,2,3,0,7,53,3,3,2,3,0,66.50592113004839
29,72,2,2,0,7,68,1,0,2,3,0,66.14850648120894
20,72,2,2,0,9,90,1,1,2,2,0,64.88905495649566
23,81,2,1,1,7,67,2,0,3,5,0,67.09641266354838
14,98,3,3,0,7,51,2,0,1,1,1,66.9723124674185
25,93,2,2,1,10,60,1,1,2,3,0,69.80645267927846
23,76,1,3,1,7,93,2,2,2,2,0,68.39213846565623
18,86,3,2,0,8,60,2,2,3,1,0,68.08352870993963
24,71,3,3,1,10,93,1,2,2,2,1,68.2607280305225
32,95,2,3,1,9,58,2,2,2,4,0,74.41939150926657
26,96,3,3,1,10,64,1,2,2,3,1,72.58599593174195
24,71,2,2,1,5,74,2,1,2,3,0,66.4563930139017
30,90,3,2,0,10,67,3,2,2,6,0,73.5364580657347
25,60,2,1,0,6,71,1,2,2,2,0,62.588220462598066
12,99,3,3,0,8,71,2,2,1,2,0,69.59862961576127
16,62,2,2,0,7,73,1,3,2,3,0,62.140912422579454
22,71,1,2,1,7,65,1,1,1,4,0,63.4779129453225
8,86,3,1,1,8,98,1,1,2,1,0,64.99155257242708
18,97,3,1,1,8,95,3,1,2,2,0,71.1989841986186
29,98,2,3,0,5,86,1,2,2,4,0,74.47257618732093
14,67,1,1,1,7,66,1,0,2,4,0,59.377922910312435
24,75,2,3,1,9,75,3,0,3,3,0,68.78771128657198
26,96,2,2,1,5,63,2,1,2,2,0,71.3193825451185
29,61,2,3,0,9,61,2,0,2,3,0,65.13289904147858
27,81,2,1,1,5,98,2,0,2,3,0,68.95321835884565
12,69,3,3,1,7,53,1,2,3,3,0,64.03643694678563
23,79,2,3,1,6,97,2,1,1,4,0,69.52393347891318
21,96,2,2,1,5,71,2,2,3,4,0,71.62514630669476
21,82,1,1,1,6,54,3,3,2,2,0,66.12473098514477
18,79,1,2,1,9,58,2,3,3,3,0,65.96487373291765
21,92,3,1,0,6,76,1,2,2,5,0,69.5661326756578
33,89,1,2,0,8,99,2,2,3,4,0,73.42906991608342
31,79,2,3,0,7,98,2,1,3,2,0,72.01968005828195
28,89,3,1,1,4,90,3,3,3,2,1,73.06122294472499
23,95,1,2,1,7,80,3,2,2,4,0,71.39286643644047
13,86,2,2,0,7,80,2,0,2,5,0,65.71958167730311
19,84,3,2,1,7,67,1,0,1,3,0,66.6458671294569
18,69,2,2,1,6,84,2,2,2,4,0,65.45124528142685
24,92,3,2,1,5,94,1,1,2,2,0,71.92996787003496
15,60,3,2,0,7,63,1,0,3,1,1,59.766185113774
24,91,1,3,1,6,56,2,1,3,2,0,69.90910494820184
23,97,1,3,1,7,81,1,2,3,3,0,72.15393694385865
16,87,1,2,1,10,56,1,2,3,0,0,65.3001032839655
22,63,3,1,0,6,63,1,1,1,2,0,61.89984845676634
22,72,1,3,0,6,78,1,1,3,3,0,65.65841842115256
23,96,2,3,0,6,70,2,1,2,2,0,71.20397228291847
16,74,2,3,0,9,80,1,0,2,5,0,64.6517378460434
22,85,3,2,1,6,96,2,0,2,3,0,70.21579483150435
23,64,3,2,1,5,80,1,3,3,2,1,66.06555471231678
19,69,2,2,1,6,67,2,4,3,4,0,66.47034266983528
15,87,3,1,1,4,80,3,0,2,3,0,67.34362413698108
31,84,2,2,0,5,87,3,0,2,3,0,71.16293631878676
21,63,2,1,0,8,74,2,0,2,3,0,61.79539681682766
19,88,2,2,1,9,76,1,1,3,3,0,68.38335664890818
10,76,2,1,1,7,79,1,3,2,4,0,63.195512468633055
5,79,3,3,1,9,89,1,3,2,3,0,65.67780255677363
11,69,2,2,0,5,93,2,0,3,4,0,62.781168349077035
9,65,1,2,1,7,89,2,2,2,4,0,61.22563318170228
15,67,2,2,1,7,94,1,0,1,2,0,62.21376348258835
19,96,2,2,1,7,95,3,3,3,3,0,73.04350574754746
28,76,2,2,1,10,99,3,1,2,3,0,70.26191358937672
26,70,2,1,1,8,75,2,1,1,4,1,64.5751517842228
27,80,1,1,1,7,84,1,4,2,3,0,68.52886493598349
22,63,2,3,1,7,85,2,4,3,3,0,67.86203976327812
17,98,3,3,0,9,94,1,0,1,3,0,70.5634019162645
13,67,2,1,1,5,70,2,0,3,2,0,61.06770643682292
22,88,2,1,1,7,70,2,3,2,2,0,68.85323933615825
12,68,3,1,0,6,52,1,5,3,3,0,62.715425620220074
18,83,3,1,0,9,76,2,0,1,4,0,65.64181644517718
21,91,2,3,1,9,66,1,3,2,4,0,70.77555884079294
12,72,2,2,0,8,67,1,4,2,4,0,63.33357993339365
21,71,2,2,0,7,58,1,3,2,5,0,65.00385416244751
21,62,3,2,0,6,86,2,2,3,4,0,65.99249662741573
13,79,3,3,0,5,92,2,3,2,3,0,68.20161789070187
16,66,3,2,1,7,79,3,0,3,3,0,64.88826642498572
12,67,3,3,0,6,76,3,1,2,2,0,64.05632480814131
21,70,2,1,1,7,90,2,1,2,4,0,65.25679565833441
14,79,3,2,0,5,81,3,3,2,3,0,67.46746521791539
19,87,1,2,0,9,54,1,3,3,4,0,66.70730880927975
17,73,3,3,1,7,92,2,2,2,2,0,68.03132027657318
19,78,2,1,1,5,56,1,3,2,4,0,65.14972599013969
26,74,3,2,0,6,62,2,0,2,3,0,66.95531009577576
16,73,2,2,1,6,75,3,3,2,3,0,66.10609927451415
13,78,2,3,1,8,88,3,0,1,3,0,65.77292700104805
14,74,1,2,1,7,66,2,0,3,3,0,62.69190614801698
15,69,1,2,1,9,52,2,0,2,3,0,60.73607163778257
16,95,2,1,0,8,68,1,2,3,4,0,67.60753389880347
27,75,1,2,0,10,86,2,3,2,6,0,68.5340841027047
13,73,2,1,0,9,59,2,0,3,4,0,61.39415835956579
17,75,2,1,0,5,73,3,0,2,4,0,63.7397969981274
10,78,2,3,1,8,74,2,1,2,4,0,64.88924004192529
15,77,1,2,1,8,63,2,0,2,1,0,62.54986557538641
19,79,3,2,1,7,68,2,2,3,1,0,67.97536393848466
15,73,1,3,1,8,93,2,1,3,4,0,65.7847804841324
17,94,2,3,0,6,80,3,0,1,1,0,68.86457047585785
26,91,3,2,1,8,65,1,0,3,2,0,70.85088593923241
22,75,3,2,1,8,84,1,3,2,3,0,68.60087704566703
20,69,2,3,0,6,63,1,0,2,3,0,63.72602866168665
23,75,2,1,1,8,66,2,5,1,3,0,67.00774944772405
21,98,3,2,1,10,95,2,0,2,1,0,72.03946355932786
28,98,2,3,1,7,72,2,1,3,2,0,74.24858182924652
27,90,2,2,0,7,82,2,0,2,3,0,70.36734444685746
24,94,1,2,0,8,60,1,0,2,3,0,67.64120692298775
28,91,3,2,0,7,98,1,2,2,5,0,73.48659077270345
21,84,3,3,1,6,61,1,1,3,4,0,69.72227597326915
22,76,3,2,1,6,84,3,2,3,3,0,69.92720714624562
18,79,2,2,1,4,69,2,2,1,3,0,66.063750729964
22,63,1,1,1,7,94,2,0,2,3,1,61.78176472114531
24,86,3,2,0,7,89,1,2,2,3,0,70.54578330270955
16,66,1,3,1,7,99,2,1,2,3,0,64.30066639109758
11,85,2,2,0,7,79,1,2,1,3,0,64.51544603092208
25,74,1,2,1,6,65,3,0,2,1,0,65.5507392979319
24,78,3,3,1,8,87,2,2,2,3,0,70.97685370452983
25,77,3,2,1,7,98,1,0,2,2,0,68.8693044796361
20,93,2,2,1,6,82,1,1,3,3,1,69.16565393376607
17,90,3,2,0,8,82,2,0,3,4,0,69.13775241306874
20,90,2,2,1,4,83,3,1,1,3,0,69.54270793351164
20,67,2,2,0,6,93,1,1,2,3,1,63.409124132719136
7,77,1,2,1,7,53,3,4,2,2,0,62.50648788240518
24,84,2,2,1,6,74,2,2,3,2,0,69.89626134507235
25,60,2,3,1,8,67,2,1,3,2,0,65.53332060918335
24,60,2,2,0,6,85,1,1,2,2,0,63.48963356805388
23,76,3,2,0,8,81,2,3,3,2,0,69.25554030193395
12,62,2,3,1,7,63,3,1,2,4,0,62.30709922999777
15,95,1,1,1,6,88,1,1,2,5,0,67.02513394158223
17,64,2,2,0,9,50,2,2,3,4,0,62.38536009848355
23,69,2,2,1,6,58,3,0,2,1,0,64.64887256896193
32,94,2,3,1,9,55,3,4,2,2,1,74.4341414750422
19,64,3,1,1,8,86,1,3,2,3,0,64.6028421899085
18,65,2,3,1,6,91,2,5,2,3,0,67.39304863652845
28,97,2,2,1,7,88,3,2,2,2,0,74.32340708319782
23,63,2,2,0,7,73,1,1,2,3,0,63.358386218564746
11,68,1,3,1,8,50,1,2,3,4,0,61.506719904467026
15,95,3,1,0,8,70,2,2,3,3,1,67.93357489135173
29,80,1,2,1,10,91,3,1,2,3,0,69.94272330987408
26,73,2,2,0,6,55,2,1,1,4,0,65.55223374024627
15,95,2,2,0,7,93,2,2,2,4,0,69.58843186894235
18,81,2,2,0,8,65,1,2,2,4,0,65.75593897515891
17,76,3,2,0,8,100,1,0,2,4,0,66.16167093418304
34,75,1,2,1,5,66,2,0,2,3,0,68.25348303739801
28,88,3,2,0,8,79,2,0,2,3,0,71.11241159166207
17,90,2,2,0,7,83,1,5,3,3,1,69.18882311898327
19,89,2,3,0,9,92,3,5,2,3,0,72.40213708475406
19,80,1,1,0,8,82,2,5,1,3,0,66.01058740945277
14,84,2,2,0,7,81,2,0,2,2,0,65.15524511857149
12,74,1,3,1,6,55,3,0,1,3,0,62.10332615541109
22,72,3,2,1,9,64,1,1,2,2,0,65.81190527115857
26,68,2,2,1,10,62,3,4,2,2,0,67.65570960454025
20,68,1,2,1,6,80,1,4,2,4,0,65.11465082184965
25,74,1,2,1,6,92,1,4,2,3,0,68.18628460429781
13,96,2,2,0,5,69,2,2,1,3,0,67.3851066169818
15,93,2,2,1,7,78,1,0,2,4,0,67.48138797529182
12,80,2,1,0,6,75,2,1,3,4,0,63.85532357308077
36,82,1,1,1,7,63,2,0,2,3,0,69.01638979995501
24,63,2,1,1,6,57,2,1,3,5,0,63.8507460629883
25,93,2,2,0,5,62,2,0,2,3,0,69.45237986150647
20,99,3,1,1,9,76,3,2,2,5,0,72.25603699627312
22,89,2,3,0,5,59,3,5,2,4,1,71.0665874446812
12,79,2,1,0,9,80,1,1,2,2,0,62.43364424315022
17,94,2,1,1,7,98,1,1,3,2,0,68.91374657568376
22,63,1,3,1,4,86,1,0,3,4,0,64.53679026848565
16,64,3,2,1,7,79,2,3,2,4,1,64.27349396045402
21,96,2,3,1,9,53,2,0,3,3,0,70.49127521778794
21,93,2,2,1,8,78,2,0,2,3,0,69.57869294387022
20,94,3,2,1,8,93,1,1,2,3,0,71.21346913857991
11,73,2,3,1,9,79,2,1,3,2,0,64.59462860391776
21,91,2,2,0,5,66,1,1,2,3,0,68.05811270035126
20,61,2,3,0,5,89,2,1,2,2,0,64.29817417422863
15,91,3,2,0,6,80,2,0,2,3,0,68.00442431757781
22,82,1,3,0,6,78,2,3,3,3,0,69.21374793082171
18,90,2,2,0,7,65,1,4,2,3,0,68.4302362778672
26,61,3,1,1,7,95,1,0,3,3,0,65.49569334295526
16,61,2,2,0,9,86,1,2,3,2,0,62.373405199553886
16,66,2,2,1,7,95,1,1,2,4,0,63.73307695401962
20,100,2,2,1,8,91,2,3,2,3,0,72.85483467672131
28,95,3,2,0,9,67,1,2,2,3,0,72.39402103734002
27,91,1,3,0,4,67,2,1,3,2,0,70.78160196048121
16,66,3,3,0,5,68,3,2,2,5,0,65.6792222491176
28,72,1,2,1,7,60,2,4,2,3,0,67.62085168973468
23,87,3,3,1,9,96,3,1,2,1,0,72.57750392807304
23,79,2,3,0,9,77,2,1,3,3,0,68.78514781180537
16,86,1,1,1,5,82,1,0,2,4,0,64.57147834327593
19,62,2,2,0,7,91,1,1,2,3,0,62.865674869119
30,84,3,2,1,7,72,2,3,2,2,0,72.53695487637629
24,71,3,2,0,8,65,2,1,2,2,0,66.2193965585796
26,62,1,2,0,6,79,2,1,2,3,1,63.00055035266976
20,79,3,2,0,7,66,1,3,2,3,0,67.37687546268151
27,86,3,2,1,8,67,3,5,3,2,1,73.0176085801865
23,90,1,1,0,9,50,1,4,2,3,0,67.07157639830831
20,88,2,3,1,5,50,2,2,2,5,0,69.38609518774092
11,81,2,2,1,6,82,3,3,3,4,0,67.27506598964783
28,73,3,2,1,6,71,2,0,3,2,0,68.71911905209791
18,91,1,3,1,9,81,3,4,2,5,0,71.36152650695013
9,96,2,2,1,4,82,3,0,2,4,0,67.65702109656573
22,97,2,2,1,6,54,2,2,2,2,0,70.40360485106379
19,97,2,3,0,7,53,2,2,1,3,0,69.54161317525724
28,66,2,3,1,8,97,2,0,2,2,0,68.02481176421563
16,72,1,2,0,9,52,2,1,3,1,1,60.88034473188668
19,64,2,2,1,8,81,3,1,2,3,1,63.54457717452047
14,85,3,3,1,5,77,2,2,3,3,0,69.55621350596134
32,100,1,3,1,5,67,2,4,2,3,0,75.78117804425867
21,77,3,2,0,10,87,1,1,2,3,0,67.19806500140359
19,71,2,3,1,9,94,3,1,2,4,0,67.60970746270999
20,69,3,2,0,7,63,1,2,2,2,0,64.5554635329734
7,64,3,3,0,6,81,2,2,1,3,0,61.86168885014659
29,84,3,2,1,6,90,2,0,3,3,0,72.29655430062971
21,65,2,2,1,8,67,2,1,2,2,0,63.80818857265446
15,78,3,3,1,10,89,1,0,2,3,0,66.83751136093312
17,68,2,2,1,7,63,2,0,2,3,0,62.720014182251504
9,97,3,2,0,6,68,1,5,2,3,0,68.89659812505582
22,61,3,1,1,6,74,2,1,2,3,0,63.84995193974869
12,97,1,2,1,6,79,2,1,2,2,0,67.16416956819259
27,75,2,1,1,10,57,2,3,1,3,0,66.66724717404377
22,65,1,1,1,10,81,2,1,2,3,0,62.85997801715611
22,83,2,1,1,7,66,2,2,2,3,0,67.31740576502406
18,66,2,2,1,7,90,2,0,2,4,0,64.09568089539415
18,88,3,1,1,6,84,2,1,3,3,0,69.07481797076456
16,82,2,1,1,8,75,2,2,2,2,0,65.61151808600331
25,92,2,2,0,4,77,2,0,2,3,0,70.00477811833483
29,87,2,3,1,10,93,3,1,2,4,0,73.64983541827641
20,90,3,2,0,8,70,2,0,2,3,0,68.73554554866755
20,86,2,1,1,7,53,2,1,3,2,0,66.5424133511429
17,92,1,1,1,6,57,2,2,2,2,1,65.1813739082527
25,97,1,2,1,8,78,2,0,2,3,0,70.52524261512508
15,68,1,2,0,6,72,1,3,1,3,0,61.47213071046333
13,60,1,3,1,7,95,2,1,2,1,0,61.695959984115824
23,91,2,3,1,10,62,1,1,3,3,0,70.47344743563804
29,96,2,2,1,9,55,1,0,2,2,0,70.66964500069847
20,86,1,1,0,8,94,1,2,2,2,0,66.36367983167369
12,94,2,2,1,10,78,2,1,3,2,0,67.97489789648543
23,71,2,2,1,6,63,1,1,3,5,0,65.93609197029235
28,90,1,2,1,9,91,2,0,2,2,0,70.44806929584522
31,93,3,1,1,5,96,2,2,2,2,0,74.29435312044767
16,72,2,3,0,5,53,2,1,3,3,0,64.26588990511647
17,77,2,2,1,6,67,1,1,2,1,0,64.3712995504514
26,77,2,2,1,7,98,1,0,2,1,0,67.97315157752593
23,99,1,2,0,9,73,2,0,2,4,0,69.65948068828209
15,78,2,3,0,8,94,3,0,2,4,0,66.76094519325113
18,93,1,3,0,7,75,3,1,2,1,0,68.71268011065142
27,89,2,2,0,7,65,2,1,2,3,0,69.85490158554131
29,98,2,3,1,5,88,1,3,2,2,0,75.32924271654329
25,96,2,3,1,5,69,1,0,2,4,0,71.63441471087856
23,94,2,3,0,8,76,1,3,2,3,0,71.71407649288562
12,81,1,2,1,5,68,3,0,3,2,0,64.01028228143895
13,96,2,3,1,7,100,2,4,3,3,0,72.53842747859525
22,74,3,3,1,5,99,2,0,2,2,0,69.0491174131861
19,91,3,1,0,6,59,2,5,3,4,0,70.38910947069927
18,99,2,3,1,7,81,1,1,2,3,0,71.07092462851642
25,99,2,2,1,7,77,2,0,3,3,0,72.44321265673898
15,63,2,2,1,6,86,1,4,2,5,0,64.13727035867305
22,77,2,2,1,7,72,2,2,3,3,0,67.96619163948742
24,72,1,2,1,8,73,1,1,2,2,0,64.81720770719433
19,89,3,2,1,7,95,2,0,2,3,0,70.06554418280408
15,87,2,2,0,10,83,2,1,3,3,0,67.28506210756609
19,85,3,2,1,9,71,1,1,3,2,0,68.39292407963768
24,75,1,2,1,10,89,1,0,3,3,0,66.3305269794773
18,92,1,2,1,8,54,2,1,2,3,0,66.82964206664505
20,97,3,3,1,4,81,2,1,2,2,1,71.84420425193841
21,70,3,3,1,8,72,1,3,1,1,0,66.89084655519542
5,89,2,2,1,4,76,3,2,2,3,0,65.6597338706501
16,73,3,2,1,8,52,2,2,3,4,0,65.6091976493551
10,64,2,3,0,8,96,2,1,2,3,0,62.416761967303536
24,97,3,2,1,8,51,2,3,2,2,0,72.33100067154652
15,87,2,3,1,10,52,2,2,3,3,0,67.90085593100883
22,99,3,3,1,7,51,2,2,3,4,1,72.67944692616692
9,80,3,1,0,5,60,2,2,2,3,0,63.10923361959874
9,83,3,1,1,7,86,2,0,2,1,0,64.14574732065718
19,93,3,3,0,7,84,2,5,3,3,0,73.86537697559433
15,86,3,3,1,10,68,2,0,2,5,0,68.28327708777155
11,99,2,2,0,10,60,2,1,2,1,0,66.52503613687985
22,83,2,2,1,5,73,3,0,2,3,0,68.23623673490974
17,90,2,3,0,8,84,2,1,1,4,0,68.70286928034288
12,80,2,3,1,6,61,2,0,3,2,0,64.95925538406058
23,75,3,3,1,6,93,2,2,1,3,0,69.89651026725626
16,76,1,3,1,8,56,2,1,2,1,0,63.84239418980511
24,93,1,2,1,5,62,3,1,2,3,0,69.77280517301043
9,87,1,2,1,6,64,2,1,2,2,0,63.56500796868715
32,97,3,2,1,8,73,2,0,2,3,0,74.36658688552097
25,88,3,3,1,9,58,1,0,2,4,0,70.43593985830216
30,91,3,1,1,6,69,2,2,3,4,0,73.13230037861622
12,90,2,3,1,9,77,2,3,2,3,0,68.8474667502717
24,76,1,2,0,5,78,3,1,2,4,1,65.88367443564738
21,86,2,1,0,6,56,2,1,3,2,0,66.41923556269842
18,91,2,1,0,6,83,2,2,2,4,0,68.17729149941533
29,96,1,1,0,4,89,2,2,3,2,0,71.8934015488114
23,73,3,2,0,8,57,2,3,2,2,0,66.96402344128558
18,94,2,2,1,7,70,2,2,3,3,0,70.08809801683756
12,73,3,2,0,5,60,2,1,2,4,0,63.27239390006394
12,63,2,3,1,5,69,1,0,3,2,0,61.44742953376084
18,72,1,2,1,8,79,2,1,3,4,0,64.75483403762246
23,66,2,3,0,6,90,2,2,2,3,0,66.88032816495894
11,79,2,2,1,8,98,2,2,2,4,0,66.03530064390415
27,61,2,2,1,9,70,2,0,2,2,0,64.3743887580506
29,90,3,1,1,7,76,1,1,1,3,0,70.68881844672038
25,85,2,1,1,8,94,2,3,3,3,0,70.97233922025964
20,90,2,1,1,8,97,1,1,1,2,0,67.86970800591061
25,69,2,2,1,7,70,1,1,3,4,0,66.27136855683659
26,94,1,2,0,6,59,3,4,2,3,0,71.34603015933772
11,62,1,3,1,7,87,3,3,3,3,0,63.547479250402716
25,65,3,1,1,8,85,2,2,2,3,0,66.52815463719844
15,95,2,2,0,7,77,3,0,2,3,0,68.14906862979693
17,79,2,3,1,8,84,2,0,2,2,0,66.76901551686194
12,98,1,2,0,9,59,1,1,2,2,0,65.20581067682237
26,84,2,3,1,7,71,2,0,2,2,0,69.78533024277544
17,81,3,2,0,9,64,2,0,2,3,1,64.88657987462553
22,84,3,2,0,7,81,2,1,1,3,0,68.66866133875556
16,70,2,2,1,8,98,2,2,2,3,0,65.53384760165288
21,78,3,2,1,6,97,2,0,2,2,0,68.40827147389345
20,84,3,2,1,6,79,2,3,2,3,0,70.1462584344709
22,76,3,1,1,7,66,1,1,3,4,0,66.58836300880029
26,98,3,1,0,8,90,1,1,1,2,1,70.44830305425123
27,94,2,3,0,9,63,3,0,2,4,0,71.92641950105312
33,77,1,3,1,5,85,2,0,2,5,0,70.6480714293556
19,75,2,2,1,5,90,3,0,2,3,0,66.59202823733438
18,94,1,1,1,7,53,1,3,3,2,0,67.02516826878326
29,63,1,1,1,9,97,3,3,3,3,0,67.39595088542076
17,79,1,1,1,10,88,1,3,3,3,0,65.54817843717498
20,97,3,2,1,6,81,3,2,1,3,0,72.32938421023144
17,94,2,2,0,10,92,1,2,2,2,0,68.9857253494798
21,70,2,3,1,5,62,2,2,3,2,0,66.694365227352
21,96,2,3,0,8,100,2,1,2,2,0,72.03432284696508
21,67,2,2,0,7,96,1,3,2,2,0,65.54824798245713
21,84,3,3,0,4,90,2,2,1,3,0,70.42068774593093
7,96,2,3,0,9,91,2,0,2,4,0,67.30747217404429
23,75,3,2,0,8,87,1,1,3,2,0,67.7856994058225
13,70,2,3,1,6,66,2,1,2,4,0,63.82672891979837
14,83,1,1,1,9,79,2,1,1,3,0,63.5081091366075
19,71,2,2,1,7,91,2,3,2,1,0,66.46743171440134
14,83,2,2,1,7,90,2,0,1,3,0,65.61963761405526
19,60,3,3,1,6,60,3,1,2,2,0,64.51203902094304
17,87,2,3,1,7,79,2,3,2,4,1,69.1564252113246
24,91,2,2,0,7,52,1,0,3,4,0,68.3911046143464
21,84,2,2,1,6,52,1,1,3,2,1,66.03624709239512
19,77,1,2,1,4,55,2,0,1,4,0,63.398487685718024
16,67,2,3,0,8,90,3,1,1,4,0,64.65366522978641
18,97,2,3,1,7,93,2,5,2,4,0,74.0145324836756
16,64,3,2,1,7,51,3,4,3,3,0,65.1825379567311
13,99,2,2,1,7,58,2,1,2,2,0,67.83097169728873
20,87,1,2,1,7,75,3,1,2,3,0,67.99612556389539
24,74,1,1,1,9,54,2,1,2,3,0,63.94705582165332
23,99,1,1,0,6,59,2,1,2,3,0,68.36344022204426
9,64,2,1,1,10,68,1,0,2,3,0,58.20040589669743
22,70,2,3,1,5,90,3,1,3,3,0,68.53861350600462
12,75,2,3,1,7,58,2,3,2,4,0,65.14709466306137
16,81,2,3,1,6,79,2,2,3,3,0,68.3990763138997
26,91,3,2,1,7,57,1,3,2,3,0,71.66746583958646
21,80,3,1,1,6,52,2,1,2,4,0,66.44324260115357
23,68,3,2,0,6,60,2,1,2,3,0,65.29927667053022
14,64,3,3,1,6,90,1,0,3,2,0,64.24987339811352
29,95,3,2,1,7,91,1,1,2,3,0,73.96759523950698
13,96,2,2,0,6,70,2,1,3,3,0,67.95063505145964
13,87,3,1,1,4,72,2,2,3,3,0,67.38877590562845
32,80,3,2,0,6,77,1,0,2,5,0,70.43664350312167
27,78,3,1,1,5,77,2,0,1,3,0,67.82711450088878
23,74,3,3,0,7,76,2,1,1,2,0,67.58225599619637
18,68,3,2,0,7,72,2,0,2,3,0,63.886006557794545
28,72,3,2,1,8,92,1,1,2,2,0,68.94917152715223
25,84,2,2,1,5,64,2,0,2,3,0,68.33943584837954
26,93,2,3,1,9,89,2,0,2,3,0,72.5790158797013
25,79,2,1,1,9,54,2,1,2,2,0,66.08639552264276
14,80,3,2,0,10,56,1,1,2,3,0,64.24271529463726
23,96,2,2,0,7,81,2,1,2,2,0,70.6904268793019
16,98,2,1,1,6,60,2,1,2,3,0,67.77022183726362
17,65,2,3,1,8,66,2,1,3,4,1,63.61648998966916
28,76,2,2,1,6,75,1,0,3,2,0,67.95702843896896
21,65,2,3,1,6,91,3,1,3,3,0,67.27639750261162
18,98,3,2,0,7,57,1,0,2,1,0,68.26261482369844
20,83,2,1,0,6,51,1,2,2,4,0,65.07596932289017
19,93,3,2,1,8,68,2,1,3,3,0,70.56742827279857
17,91,2,2,1,8,66,2,3,1,2,0,68.27338540671232
15,71,2,3,0,8,50,1,1,2,2,1,61.467093859731875
21,89,1,1,1,8,65,2,2,1,3,0,66.60432096919013
25,87,3,1,0,6,51,1,3,2,3,0,68.69854891467833
22,98,2,2,0,7,58,2,0,2,3,0,69.33336576859764
19,70,3,3,0,4,63,2,1,2,3,0,65.74560773143591
2,96,1,3,1,9,77,2,3,2,2,0,65.9327110421755
23,94,2,1,1,10,91,3,1,2,3,0,70.97269022933725
20,92,2,3,0,8,80,3,0,2,3,0,70.1624112881322
35,86,1,2,0,8,59,2,2,1,2,0,70.07971926713522
18,91,3,3,1,7,71,3,0,2,3,0,70.56606556082329
18,71,2,3,1,6,81,2,1,3,3,0,66.57414423436776
18,81,1,2,1,6,64,2,1,2,4,0,65.33690797982047
25,74,1,3,1,8,94,3,0,2,4,0,68.44987533476962
12,71,2,3,1,8,78,1,2,2,2,0,63.914058439166396
12,82,1,2,0,5,98,2,0,3,1,0,64.38132444042844
24,95,2,1,1,6,73,2,3,2,2,0,71.00081057059435
26,90,2,2,1,8,98,2,0,1,3,1,70.02357841267602
16,85,1,2,0,7,85,3,1,3,2,0,66.68906435174024
23,94,3,2,0,5,55,3,2,2,2,1,70.2751147015704
24,90,3,3,0,8,99,3,0,2,3,0,72.87627720694296
22,64,2,3,0,6,66,1,1,2,4,0,64.14242196310019
20,92,2,1,0,7,67,1,1,2,5,0,67.28086410887107
17,62,3,1,1,6,54,1,2,3,3,0,62.12044569687009
15,78,3,3,0,7,85,2,1,2,1,0,66.83692731226881
15,97,2,3,0,6,90,3,2,3,0,0,71.27557805792578
20,93,1,3,1,7,83,2,0,2,2,1,68.52515636880347
19,92,1,3,1,6,68,2,2,2,2,0,69.21826619320535
23,85,2,3,0,7,66,1,0,3,2,0,68.2726762500719
16,85,2,2,1,5,86,1,3,2,2,0,67.81590240270887
18,73,2,1,1,5,88,2,1,2,5,0,65.09393189448676
17,73,3,2,0,5,90,3,1,2,4,0,66.7275860446244
21,68,2,2,0,9,79,1,1,3,4,0,64.7131732888573
8,67,3,2,1,8,58,1,2,2,1,0,60.79952634575323
10,85,3,2,1,8,64,1,2,2,3,0,65.60085013927613
12,67,3,2,0,7,58,2,0,2,2,1,60.218961586830254
17,68,1,3,1,6,87,3,0,2,4,1,63.755534994872576
15,84,2,3,1,6,75,2,2,2,4,1,67.28803810540869
23,62,2,3,0,10,93,3,2,2,4,0,66.84433044547146
21,96,2,3,0,7,63,2,1,2,2,0,70.2569337165796
9,96,2,3,1,9,63,2,1,2,1,0,67.12061976103607
17,98,2,3,1,7,68,2,1,2,4,0,70.65102703682822
14,79,2,2,0,9,74,2,1,2,4,0,64.62540490309848
20,61,1,2,0,6,52,2,2,1,2,0,60.41789831163738
21,65,3,3,0,7,88,1,2,2,1,0,66.12392602679559
12,97,3,1,1,6,96,2,2,3,2,0,70.04362846884463
13,94,2,2,1,7,91,1,3,2,3,0,69.10066691695232
26,84,2,2,0,8,76,2,5,3,2,0,71.49121916066034
16,81,2,2,1,8,57,3,1,2,2,0,65.58451323577515
11,79,2,2,0,8,71,1,1,2,2,0,62.75224542364421
19,60,2,3,1,7,72,3,3,3,3,0,65.77657996769418
22,92,3,3,0,8,65,2,0,3,2,0,70.85927534065743
22,61,1,3,1,7,76,2,1,2,3,0,63.93884914757162
11,96,2,3,0,5,66,3,2,2,4,0,68.91140075104151
22,64,2,2,0,8,65,1,2,2,4,0,63.536760129038804
20,67,3,3,0,6,59,1,1,2,4,0,64.83492964057268
9,75,3,1,0,8,61,3,3,2,3,0,63.14362280196261
28,66,3,2,1,9,73,2,2,2,2,0,67.85584230472894
17,96,3,3,0,7,61,1,1,3,1,0,69.8327686647544
17,69,2,2,1,7,54,3,1,1,2,0,62.83505432371511
24,98,1,2,1,6,53,2,1,1,2,0,69.07916774470596
26,73,3,3,0,7,75,1,3,2,5,0,69.73624394759455
16,91,2,2,0,8,63,3,2,3,3,0,68.49473597628015
20,83,3,1,1,8,66,2,1,2,3,1,66.35197977193494
23,72,1,2,1,4,66,1,3,2,4,0,65.63821397904266
26,93,2,2,0,8,88,2,1,3,4,1,71.28690063037693
20,89,3,2,1,8,71,2,1,2,1,0,69.34427904269964
23,89,1,2,0,9,88,3,1,2,5,0,69.61361306805208
22,65,2,1,1,7,88,1,2,2,4,0,64.43390414791605
16,74,2,1,1,7,87,2,0,1,3,0,63.238098647445135
23,87,3,3,0,8,56,2,1,3,3,0,70.39981713755864
26,88,1,1,0,10,67,1,0,1,3,0,65.77326078593273
22,76,2,2,0,9,82,3,0,3,4,0,67.30204647340992
17,96,3,2,1,7,60,1,0,2,2,1,67.60535781021949
22,90,2,1,1,6,72,2,0,2,4,0,68.16797776522844
14,81,2,2,1,5,58,3,3,3,4,0,67.00659798194474
34,74,3,1,1,7,76,2,2,3,2,0,70.89369304239973
18,83,3,2,0,5,80,3,1,3,2,0,68.71503464478067
12,76,2,1,1,4,51,2,0,2,1,0,60.97200191326338
24,71,2,2,1,7,96,2,2,2,2,0,67.82689171622124
13,89,3,3,0,8,59,1,0,3,2,0,66.80459565135051
9,89,1,3,1,7,91,2,1,1,3,0,65.92352925829924
27,73,1,2,0,7,91,2,2,2,4,0,67.59372578562949
19,67,2,1,0,7,61,3,1,2,4,0,62.615588003166266
13,93,1,2,0,6,96,3,2,2,3,0,68.12011718810606
14,94,1,2,1,6,76,2,0,1,3,0,66.13364238384627
23,78,3,3,0,7,80,2,0,2,2,0,68.58667504591648
29,76,2,3,1,8,93,1,0,3,4,0,70.44451729499822
39,95,2,3,1,9,54,3,2,2,3,0,76.6365197740565
11,92,3,2,1,8,82,3,4,2,2,0,70.09211451643365
7,94,2,1,1,9,57,3,2,2,3,0,65.17941265586003
22,82,3,2,0,7,68,3,2,2,4,0,69.3817103951813
7,75,2,3,1,7,76,2,0,1,4,0,62.49409681743391
16,81,3,2,1,7,66,2,3,3,4,0,68.42030080308012
19,69,2,2,1,7,55,1,1,2,4,0,63.262168056713804
23,82,1,2,1,6,86,2,0,2,4,0,67.55361547252421
19,75,2,3,1,8,83,3,2,2,2,0,68.06998696465683
18,84,3,3,0,6,94,2,3,2,4,0,70.90317157556834
14,62,2,3,1,7,63,2,2,2,2,0,62.532450295336105
19,70,3,1,0,7,66,2,1,1,4,0,63.41478539050256
26,61,1,3,1,9,91,2,0,3,4,0,65.97450855062382
28,89,1,3,1,9,79,3,0,2,1,0,71.05768648149467
22,78,2,2,1,5,96,2,0,2,3,0,67.82336446818954
18,61,2,1,1,6,91,3,3,3,3,0,64.5771151917956
18,96,3,2,1,10,65,1,3,2,2,0,70.47998626350969
21,87,1,1,1,6,82,2,0,3,5,0,67.43995084269227
23,81,3,1,1,10,94,3,1,3,2,0,69.90473636008637
15,77,3,2,1,5,65,1,2,2,4,1,64.88683990377639
15,64,3,2,0,5,78,2,2,2,2,0,63.40676432252501
14,86,1,1,1,8,90,1,0,2,1,0,63.80308432559548
20,75,1,2,0,7,76,2,3,3,3,0,66.0884204907781
24,80,2,3,0,6,66,3,1,2,3,0,68.81678217240056
30,64,2,2,0,7,86,1,1,2,3,0,66.23547090962259
19,97,3,2,1,9,60,3,3,2,4,0,72.15824402217041
20,70,2,2,0,8,70,2,0,2,5,0,64.06783582195717
13,98,3,1,1,7,81,2,1,1,3,0,68.38592860835547
24,84,1,3,1,6,93,3,2,2,1,0,70.66703746493224
22,71,3,2,1,8,63,2,2,3,2,0,67.16117218840216
14,89,2,2,1,8,59,3,1,2,3,0,66.86059202166871
19,71,2,2,0,8,57,2,2,3,4,0,64.72747627045959
11,84,3,2,1,6,76,3,3,3,3,0,68.4317779908242
10,85,1,1,1,6,53,3,1,2,3,1,61.73645154580841
17,83,2,2,1,6,89,3,0,2,4,0,67.70004677821407
15,77,1,2,1,7,95,1,4,2,4,0,66.15463054355061
27,91,1,3,1,9,82,2,0,1,1,0,70.2485936078266
19,87,2,2,1,7,75,2,2,1,3,0,68.17570460903221
19,90,3,3,0,8,85,2,2,2,4,0,71.39546995507618
29,97,3,2,0,7,86,2,0,2,3,0,73.56090467335618
21,83,2,3,1,6,61,3,2,3,3,0,69.91832280959156
27,74,2,2,1,6,74,2,2,3,2,0,68.77994341269687
21,97,2,1,0,7,99,2,1,2,3,0,70.32321536972556
17,76,2,3,0,9,71,2,0,3,3,0,65.62846992769045
20,83,2,2,1,7,68,3,1,2,1,0,67.54025843058346
23,100,3,1,1,4,69,1,0,3,4,0,71.36239632471802
10,75,2,3,1,8,90,2,2,2,2,0,65.24546872477063
26,67,2,1,1,10,71,3,3,2,3,0,66.52294184363961
16,95,3,1,1,6,86,2,0,3,3,0,69.46906473735274
14,97,2,1,0,7,72,3,1,1,3,0,66.97318501863869
18,92,3,2,1,7,70,2,1,2,3,0,69.66898195773676
26,88,1,3,0,6,81,2,1,2,2,0,70.00174223085187
28,61,1,2,1,7,80,1,2,2,4,0,65.00781536142611
8,87,3,3,0,9,97,1,2,2,3,0,67.44079226458882
16,82,2,3,1,10,69,2,2,2,4,0,67.66591306489289
10,71,2,1,0,10,53,1,4,2,3,0,60.62938164923704
20,67,2,3,0,10,53,3,1,2,2,0,64.16731448545481
21,99,2,3,0,7,51,3,2,1,2,0,70.79352405096506
22,79,2,2,1,7,98,3,0,2,3,0,68.61065230759527
23,81,3,3,0,5,91,1,0,3,3,1,69.05939214124797
13,67,1,2,1,8,90,2,2,2,2,0,62.48184765447676
22,91,2,1,1,7,76,2,1,3,3,0,69.41082942427532
20,65,3,2,1,8,71,1,2,2,3,1,64.01285923984237
12,92,3,1,1,7,89,2,1,3,2,0,68.1708693582304
26,92,1,2,1,8,98,2,2,2,3,0,71.82103983875851
11,89,1,3,0,9,69,1,1,1,3,0,64.27518602299772
17,85,3,3,1,6,66,2,0,3,2,0,68.67950831901126
11,77,1,1,1,6,92,1,0,2,5,0,61.949799773022576
23,73,1,3,0,5,60,3,1,2,2,0,65.67145241641715
25,69,3,2,0,7,76,2,1,2,2,0,66.67016976895525
25,89,2,2,1,7,81,3,3,2,0,0,71.68786829548438
23,62,3,3,1,7,67,1,1,2,4,0,65.6654887707956
25,92,3,2,0,4,93,3,3,2,2,0,73.70962829921484
23,92,1,2,0,8,54,2,0,1,1,0,66.32951345479778
18,61,3,1,1,5,71,1,3,3,3,0,63.57600303839483
21,69,2,2,0,7,66,3,1,2,4,0,64.86818860047936
28,99,3,1,0,5,100,2,6,2,5,0,76.78584964132503
13,74,3,3,1,7,61,2,2,2,3,0,65.72289233834002
17,84,1,3,0,7,85,3,0,2,2,0,66.76834992579323
20,66,1,2,1,6,83,2,2,2,3,0,64.2007824344083
13,82,2,3,0,5,73,1,4,2,4,0,67.00342910521837
22,86,2,1,0,9,85,2,1,2,3,0,67.69795688765211
18,96,3,2,0,7,56,1,2,2,1,0,68.84272483577061
22,67,3,3,0,10,58,2,2,1,3,0,65.6355900726603
9,77,1,1,0,7,80,2,3,2,3,1,61.049750703177665
24,72,3,3,0,6,78,3,0,3,6,0,69.3448296704719
19,80,1,2,1,10,63,3,1,2,2,0,65.48987653370301
28,85,2,3,1,7,98,2,2,3,1,1,72.40239469940698
21,99,2,1,1,9,59,1,1,3,2,0,69.13798112254827
23,88,2,2,0,8,70,2,2,3,4,0,69.91665969872477
18,69,3,3,1,8,54,1,1,3,2,0,65.13368657216685
19,72,2,1,1,8,58,2,0,1,3,0,62.28355278248869
21,89,2,1,1,9,80,2,0,1,3,0,67.30387739457476
16,87,3,2,0,9,53,3,3,3,5,0,69.05993969985295
24,60,2,2,1,5,68,2,0,1,3,0,62.93228404170669
6,69,3,2,1,10,94,2,1,2,4,0,62.84823553063329
30,80,3,3,0,5,80,2,0,2,4,0,71.41281916342501
32,68,2,1,0,8,97,3,1,2,2,0,68.00472410564271
14,89,2,1,0,9,96,1,2,3,3,0,66.99811743664101
22,97,2,3,1,6,54,2,1,3,3,0,71.61154949448138
18,61,2,2,1,6,96,2,0,2,3,0,63.244300545070246
15,96,2,3,1,5,59,3,2,3,2,0,70.51189484732812
21,88,2,1,0,9,75,3,1,3,2,0,68.21048464559527
16,83,2,2,1,7,60,2,0,2,1,0,64.9336102103513
32,84,1,2,1,8,64,2,1,3,3,0,70.33902052354074
25,85,2,2,0,8,58,2,2,3,4,0,69.31956786747412
23,92,2,3,0,9,52,3,1,2,2,0,69.99989988873907
23,100,1,2,1,5,93,2,4,2,3,0,73.38937747124294
10,85,2,2,1,6,64,1,1,2,3,0,64.11197899942351
26,74,2,1,1,8,96,2,2,3,3,0,68.65589364802986
15,76,3,3,0,8,53,2,1,2,4,0,65.36641855187835
8,100,3,3,1,6,71,2,0,3,2,0,69.282191275983
14,88,2,2,0,8,67,2,2,1,3,0,65.91922180808518
17,72,2,2,0,8,61,2,1,2,4,0,63.49685786799304
24,62,1,2,0,7,95,2,1,1,3,0,63.510463787140516
19,77,3,1,0,6,97,1,4,2,2,0,67.534352166547
44,68,3,1,0,9,75,1,3,3,2,0,71.92233338352517
11,100,2,2,1,9,54,1,1,2,3,0,66.84083073396914
12,71,2,1,0,8,100,2,2,2,3,1,62.18702749536684
24,81,2,1,0,9,61,2,1,1,4,0,65.76114510364437
21,83,2,2,1,8,75,3,1,3,2,0,68.84599934877099
27,63,3,3,1,4,92,2,0,2,3,0,68.16849925942057
16,62,2,3,0,6,92,2,0,2,4,0,63.27642203365831
17,77,3,2,1,4,77,1,0,2,4,0,65.91439523692023
26,90,3,3,1,9,53,2,1,2,4,0,71.93226055746256
16,67,2,2,0,7,95,1,2,2,5,1,63.1667788050263
24,92,1,3,1,6,71,1,2,3,2,0,70.81659353526754
16,98,3,1,1,8,52,2,3,3,3,0,69.91002985906306
17,67,2,2,1,6,84,3,1,3,3,0,65.13927825596473
29,74,3,2,0,8,68,2,0,3,4,0,68.77469662150446
16,96,3,2,1,9,97,2,0,3,5,0,71.50102851974097
16,61,3,2,0,4,54,1,1,2,2,0,60.90728095103876
28,86,1,2,0,10,85,2,6,3,2,0,72.36183479630043
17,92,2,1,1,8,90,3,1,1,3,0,68.29010649271143
18,85,1,2,1,10,89,2,1,2,3,0,67.0925295807645
12,96,3,3,0,5,88,3,0,2,2,0,69.92804846194011
17,68,2,2,0,8,70,2,2,2,4,0,63.65106669827055
12,74,1,2,0,8,54,2,2,2,5,0,61.75694528840962
20,80,1,3,0,8,81,2,3,2,4,0,67.9748350263365
24,95,3,3,1,8,78,2,2,3,2,0,74.28466474728188
25,97,2,2,1,6,77,1,1,3,4,0,72.21428416193905
14,78,3,2,1,7,76,2,0,2,2,1,64.45456672375431
21,79,2,1,0,8,73,2,1,1,2,0,64.75395719190251
25,70,2,2,1,7,79,1,3,2,3,0,67.24050918771553
28,92,1,2,0,10,69,2,4,2,4,0,71.5634697588443
29,91,2,3,0,5,54,1,2,2,3,0,71.35227378689811
20,71,1,2,0,5,72,2,4,2,4,0,65.297169819242
27,78,3,3,0,8,85,2,0,2,3,0,70.14543673801882
22,78,3,3,0,6,92,1,1,3,3,0,69.57411510644727
18,72,2,2,0,8,71,1,2,2,4,0,64.25408517422103
24,75,3,3,1,6,51,3,1,3,3,0,69.2200705104795
12,95,1,2,1,4,82,3,2,2,3,0,68.17334462550308
25,62,3,2,0,5,71,2,0,3,4,0,65.42663157300227
26,90,2,2,0,8,65,3,3,3,2,0,71.65968319273787
13,87,1,2,0,10,54,1,2,2,2,0,63.55409977010656
17,71,1,3,1,6,78,1,0,2,4,0,63.71033142367493
9,86,3,2,0,8,86,2,1,3,1,0,66.2044506528825
28,61,3,2,1,4,92,1,1,3,4,0,67.70960030765463
30,94,2,1,0,5,52,1,3,2,2,0,70.43712816201935
16,73,2,1,1,6,71,2,2,3,5,0,64.70055774132476
22,83,2,2,1,8,60,1,4,2,2,0,68.35328215690106
23,76,2,2,0,7,66,2,2,2,3,0,66.65748256592103
27,72,3,3,1,8,53,2,3,1,3,0,68.9914040973272
26,79,3,1,0,7,66,2,1,2,5,1,67.08452012550929
26,98,2,1,1,7,97,2,2,2,2,1,71.94990707319434
28,87,2,2,1,7,70,2,2,2,2,0,70.91996520266675
26,68,2,2,0,8,63,2,2,3,3,0,66.29805482313513
24,60,1,2,1,6,92,1,3,2,2,0,64.42137748263089
27,79,2,1,0,6,65,1,0,2,2,0,65.64013580730634
13,93,1,1,1,4,53,3,1,1,1,0,64.25236713266892
14,76,2,2,0,7,85,3,3,2,3,0,66.00031236978505
19,91,2,3,0,7,57,1,3,3,3,0,69.57173924443659
18,99,2,3,1,4,54,1,0,2,3,0,69.31053100166469
14,60,3,2,0,5,50,2,2,2,3,0,61.12441115909787
32,84,1,2,1,8,96,2,1,2,3,0,71.36902319086738
11,98,2,2,1,9,82,1,1,2,3,0,67.80405169513806
17,69,3,3,1,9,96,2,2,2,3,0,67.55324022164024
13,79,2,3,0,7,70,3,4,2,3,1,66.25182948561223
19,63,2,3,1,7,56,2,2,2,3,0,64.02124220937539
21,80,2,2,1,6,79,1,2,3,3,0,68.09944887901634
22,90,1,3,0,5,99,2,1,1,2,0,69.60271599268815
15,84,1,2,1,6,92,2,3,2,3,0,67.27843742293993
20,64,2,2,0,6,81,2,0,3,1,0,63.302252334206074
19,64,3,2,0,9,57,1,0,3,3,0,62.59852462641783
9,61,1,3,1,7,53,2,0,2,2,1,57.474188100666154
17,99,2,2,1,8,62,2,3,2,3,0,70.36843700307385
14,95,2,2,1,8,51,2,5,2,4,0,69.35580628847413
28,69,2,3,0,8,99,1,0,2,3,0,67.77036355096854
24,72,2,2,0,7,75,2,3,2,2,0,66.93504279362489
13,78,2,3,1,9,96,3,2,2,3,0,67.6935620153296
19,72,3,2,1,7,76,2,1,3,2,0,66.62457157835968
15,79,1,2,1,10,79,2,2,2,4,0,65.21627157490525
24,94,3,1,1,8,80,3,1,2,4,0,71.9625810207155
14,64,2,2,1,6,85,2,0,2,3,0,62.1383256016812
22,63,3,3,1,5,53,3,3,3,2,0,67.2219740812612
11,71,1,2,1,8,55,2,1,2,3,0,60.647528640870775
19,83,3,1,0,6,69,2,5,2,2,0,68.41700998618145
11,87,1,2,0,8,57,3,0,2,2,0,63.202581632223016
24,93,3,2,1,7,88,1,1,3,3,0,72.48836630827154
24,93,2,2,1,7,96,2,5,2,4,0,74.09016169497205
17,68,2,3,1,8,71,2,1,3,2,0,64.98450641802546
20,93,2,2,1,7,50,2,1,3,4,0,69.15570528254995
18,68,2,3,1,8,83,1,1,2,2,0,64.79897943599673
22,65,2,2,1,4,81,3,5,2,4,0,67.79735065198855
18,79,2,3,1,8,86,2,3,1,4,0,68.51088820556564
22,76,1,3,0,5,65,1,0,3,3,0,65.33181619519404
21,80,2,2,1,6,55,3,1,3,3,0,67.48855263683936
27,94,2,1,0,6,86,2,2,2,2,0,71.21331024308668
25,63,3,1,1,8,63,2,0,3,1,1,63.356174832163056
17,73,2,3,1,6,62,1,2,2,3,0,65.20872412826395
31,94,1,2,0,5,92,1,1,1,4,0,71.46571627763893
16,66,1,2,1,9,52,2,1,1,3,1,59.553035575352425
29,68,2,1,0,6,70,1,0,2,2,0,64.27548555415792
27,62,3,2,0,6,53,1,1,2,2,0,64.22802204455917
26,69,3,3,0,7,95,1,0,2,3,0,68.03304107103898
23,65,3,2,1,9,74,2,2,3,3,0,66.93932040630493
25,82,3,2,0,9,72,3,0,2,0,0,68.70580129874855
18,72,3,3,1,8,95,2,1,2,4,0,68.07205799385491
24,68,3,2,1,8,95,1,3,2,0,0,67.81863551865122
27,70,2,2,0,6,99,3,2,2,2,0,68.62387216430477
20,91,3,2,0,6,91,2,3,3,2,0,71.89900766590361
33,86,2,2,0,9,69,2,0,2,3,0,70.64688326426885
10,76,2,1,0,4,68,2,1,1,6,0,61.4625693520441
30,88,2,2,0,9,91,2,3,1,3,0,72.25347688578034
27,92,3,2,1,6,99,1,4,1,3,0,74.21116580935359
20,64,3,1,0,4,95,2,4,2,4,0,66.05549330539897
22,63,1,1,0,8,83,2,3,2,1,0,62.709114501817815
24,60,1,2,0,6,62,3,4,3,3,0,64.6577710843199
13,70,2,3,1,8,78,2,0,2,3,1,62.81884998725248
18,78,3,1,1,7,85,3,3,1,2,0,67.44911719640176
20,61,3,2,1,8,80,2,1,3,3,0,65.06578215154101
15,69,3,1,0,9,79,1,1,2,2,0,62.288194375926295
14,100,2,1,0,7,76,1,1,2,3,0,67.22193388449085
20,61,2,1,1,7,70,1,1,2,4,0,61.66316141794616
19,74,2,2,1,8,76,3,5,3,4,1,68.04426583424319
22,67,1,2,1,6,71,1,1,3,4,0,64.04740835625573
21,75,1,2,1,5,91,2,2,1,3,0,66.17155491749457
15,87,1,2,0,4,54,2,1,2,6,0,64.96825531242416
24,63,3,2,0,8,59,1,1,2,3,1,63.10237294379732
18,68,3,3,0,6,82,1,0,3,3,0,65.41224806294031
19,69,2,2,1,9,96,2,0,3,3,0,65.59079385082136
5,92,2,2,1,9,52,2,2,2,4,1,63.74876513650199
10,97,1,3,0,8,72,3,0,2,3,0,66.82813419861698
22,82,3,1,0,9,66,2,1,3,3,0,67.52254236364554
23,97,2,3,1,8,60,2,1,3,3,0,72.15128050896601
16,64,3,1,1,5,65,2,3,3,4,0,64.00152959873023
27,64,3,1,1,8,58,2,2,3,1,0,65.78873913584411
30,94,1,2,1,6,88,1,2,2,3,1,71.54674385131116
22,70,2,2,0,7,91,2,2,2,1,0,66.04766033988888
31,93,3,2,0,6,80,2,3,2,2,0,74.4506294671045
21,92,3,1,0,9,62,2,1,1,2,0,67.80716978181434
21,95,1,2,0,7,78,3,2,3,2,1,69.4516566596472
20,85,2,1,0,6,81,1,1,3,3,0,66.77747157054307
19,97,3,3,0,5,78,1,0,1,3,0,70.25896491652014
17,97,2,1,0,7,73,3,1,3,4,0,69.1200502891531
21,95,3,2,1,6,66,3,1,3,4,0,72.20137282115655
15,85,1,2,1,7,89,3,0,2,4,0,66.47255115464417
21,97,1,1,0,7,78,2,0,2,3,0,67.76868022407048
19,98,2,1,1,6,96,2,2,2,2,0,70.74258098036833
23,67,1,1,0,9,98,2,2,3,0,0,64.34973198534018
23,65,2,3,1,7,58,1,1,2,3,1,63.77260802679615
22,68,3,2,1,9,53,3,1,2,2,0,65.54976279679904
24,92,3,3,0,7,85,3,0,2,3,0,72.6161150690227
19,82,3,1,0,9,71,2,1,3,3,0,66.88907345989284
24,91,2,3,1,9,62,1,3,2,4,0,71.45766397893061
30,66,2,3,0,7,61,1,0,3,2,0,66.28837270609385
23,65,2,2,0,7,94,2,1,2,3,0,65.31336239580828
24,63,2,2,1,8,78,2,0,3,3,0,65.00279582838138
24,85,2,2,1,8,95,2,2,2,4,0,70.88398974018403
21,96,2,2,1,7,59,1,2,2,2,0,69.5980993348837
24,73,2,3,1,8,64,2,4,2,3,1,68.00489641523208
21,78,2,3,0,10,60,2,3,2,5,0,67.99116370481866
20,89,1,2,1,8,85,2,2,3,1,0,69.02620448204303
21,87,2,2,0,6,90,3,3,2,4,0,70.6722920301412
16,76,1,2,0,6,66,1,1,2,3,0,62.565921387413496
19,96,2,2,0,7,82,2,1,2,4,0,69.90792693504909
15,100,2,1,0,10,74,2,2,2,5,0,68.7368456485512
17,93,3,1,0,6,95,2,1,2,4,0,69.37313759725586
25,70,2,2,0,7,52,2,1,2,3,0,64.85155793945059
11,75,3,3,1,9,77,2,1,3,2,1,65.05077859334713
13,70,2,2,0,7,87,2,1,1,5,0,62.858599596154114
13,87,3,2,1,4,96,1,3,1,3,1,67.64369713241271
20,61,3,3,0,9,68,2,1,1,3,0,63.850219845718236
15,60,2,2,0,7,66,3,2,2,4,0,61.834887165910246
22,95,2,3,1,6,69,2,1,2,3,0,71.41614257565269
23,95,2,2,1,7,86,2,3,2,4,1,71.8181609698247
28,76,1,1,0,7,67,3,1,1,4,0,65.78516571122742
15,74,3,2,1,8,79,2,0,2,3,0,65.10689411113566
20,95,2,2,0,6,65,3,2,2,3,0,70.07600866656648
28,87,1,1,1,7,57,2,2,3,4,0,69.10588483805813
18,99,2,2,0,6,67,2,5,2,3,0,71.39202307332602
22,62,3,2,0,9,51,2,2,2,2,0,63.651903068331954
26,66,2,2,0,6,91,2,3,2,3,0,67.29289195906293
19,98,2,3,0,9,90,1,1,2,2,0,70.80494752553362
22,76,2,1,0,9,87,1,2,3,3,1,65.44259100889961
20,96,2,2,0,6,71,2,5,3,3,0,72.09946782522792
16,83,1,1,1,6,61,2,0,3,4,0,63.99145396345753
24,77,3,1,1,9,82,1,1,2,2,0,67.24188243790742
27,97,2,2,0,9,69,2,1,2,2,0,71.43065255133975
26,87,2,2,1,8,82,3,1,2,2,0,70.91836681915694
19,94,2,1,1,10,65,3,1,3,3,0,69.06563820075036
21,80,2,3,0,7,78,2,1,3,4,0,68.66181584139458
22,88,2,2,1,5,60,1,1,2,2,0,67.87521101440268
23,78,3,3,1,6,60,2,2,3,4,0,70.11098389541954
24,77,1,2,0,8,92,3,0,2,3,0,66.87956411671351
22,62,3,2,1,7,70,1,4,2,2,0,65.69606752523484
15,62,1,3,0,8,64,3,2,2,4,0,62.12094489734792
18,95,3,3,1,8,85,1,2,3,3,0,72.50566187753947
21,71,2,2,1,10,55,1,1,2,4,0,64.17874041653278
24,93,3,2,1,8,51,3,4,2,2,1,71.71782960295963
17,81,3,1,1,8,53,3,0,2,2,0,65.16162692563793
19,84,1,2,1,8,90,3,2,2,3,0,68.32708036753667
23,86,2,2,0,8,91,2,0,2,0,0,68.31026916027349
20,62,1,1,0,6,92,3,2,2,3,0,62.76649582885683
20,86,3,1,0,8,60,2,1,2,4,1,66.24346333715624
14,69,2,3,1,6,93,1,2,2,0,0,64.53601423190106
13,100,2,1,1,8,54,2,0,3,3,0,66.96873178212783
19,94,1,2,0,8,51,2,3,1,5,0,67.62980253564967
19,81,1,2,1,8,96,3,0,3,4,0,67.68888965082188
21,99,2,2,1,5,54,3,1,2,4,0,70.89121562108753
17,81,2,3,0,6,78,2,2,2,2,0,67.36397991859737
9,86,3,3,0,8,80,2,1,2,5,0,67.08813003143695
15,92,3,1,1,9,67,1,1,3,2,0,67.3981975401723
25,74,3,2,1,9,80,2,4,2,3,0,70.11022541872264
18,88,1,2,0,8,87,2,2,3,2,0,67.92515733533793
18,82,3,1,0,7,52,1,1,2,4,0,64.82455820632852
18,79,2,2,1,7,79,2,0,3,3,0,66.509032266155
25,66,3,2,1,4,70,2,1,2,3,0,66.59923660562319
19,88,1,2,1,8,59,2,2,2,4,0,67.25038794574132
20,98,2,3,1,4,73,2,2,1,1,0,71.31803011765001
19,95,1,3,1,6,91,3,1,3,4,0,71.82022913791545
2,98,3,2,0,4,64,2,1,3,2,0,65.73796972473062
19,80,3,3,1,6,100,2,1,2,3,0,70.07726805336648
12,76,2,1,1,5,71,1,0,2,4,0,61.89414928895441
16,83,2,2,1,4,73,3,3,1,3,0,67.51974106452226
29,61,2,3,1,7,52,1,3,2,3,0,66.32891885963582
25,96,2,1,1,9,55,3,2,3,4,0,71.43585637022534
34,84,2,3,1,6,95,2,1,2,3,0,73.99502016351431
14,66,1,2,1,6,96,1,0,2,3,0,61.51739182844184
11,97,1,2,1,8,60,1,2,2,3,0,66.05107490421936
19,65,3,2,0,6,55,2,1,3,3,0,63.81569516161204
24,77,2,2,1,8,78,1,2,3,3,0,68.28526923417522
20,72,3,2,1,7,90,3,2,2,3,0,68.28889559069748
25,73,2,1,1,7,73,2,1,2,2,0,65.85900625484341
23,100,2,2,0,6,65,1,1,3,2,1,69.85824561071905
17,98,2,3,1,9,70,1,1,2,2,0,69.83124417939976
16,61,2,1,0,8,91,3,2,3,3,0,62.85125407490794
27,72,3,3,1,5,53,2,1,2,5,0,68.89460629676131
19,61,2,3,1,8,84,3,2,3,4,0,66.19255540969266
12,65,2,3,1,5,75,3,0,2,2,0,62.68152701578507
19,82,3,2,1,6,58,1,2,3,3,0,67.91175247429376
23,95,2,2,1,6,94,3,2,2,3,0,72.9465642647595
20,97,2,2,0,7,81,2,3,3,3,1,70.87096013700857
20,93,3,2,1,4,51,1,1,2,3,0,69.0600566610409
20,81,3,2,1,4,55,2,1,2,2,0,67.22919634799922
28,71,2,2,1,9,57,3,1,3,4,0,67.94008141049876
12,79,1,2,1,9,69,2,2,3,3,0,64.23290223576336
19,76,2,1,1,6,66,2,1,2,3,0,64.55415970153432
22,82,2,2,0,9,61,2,2,2,2,1,66.24002168580364
15,70,3,2,0,9,57,2,1,2,3,0,63.14777340826887
11,85,2,2,1,8,92,1,2,2,4,0,66.40424238887783
22,75,2,2,1,10,77,3,2,1,2,0,67.05776727732143
15,86,2,2,1,7,57,2,1,2,3,0,65.94477573068598
18,79,2,2,0,8,70,3,3,2,3,0,67.01537448213746
27,62,2,3,1,5,63,1,4,2,4,0,67.20561915710874
17,98,2,3,1,7,72,3,0,2,3,0,70.69805840941638
16,66,2,2,1,7,97,2,5,3,3,0,66.77754231100005
23,90,3,2,0,5,95,1,2,2,2,0,71.2180090095998
22,88,2,2,1,10,72,2,2,3,2,0,69.92313652830292
14,82,3,2,1,7,52,3,3,2,2,0,67.02519117033368
18,95,2,2,1,7,91,1,0,2,4,1,68.52422725663703
12,82,3,1,0,5,62,1,2,2,4,0,64.11559340657485
9,84,3,3,1,7,60,3,1,2,3,0,66.51970907395237
21,64,1,3,1,6,51,1,0,1,3,0,61.47572012975436
24,88,2,2,1,6,51,3,4,1,4,0,70.42219358200171
13,71,2,2,1,10,99,2,0,2,3,0,63.83348762937998
24,68,2,1,1,7,70,1,1,1,3,0,63.531883663694465
25,92,2,2,1,4,74,2,3,3,2,1,71.47615000821123
18,85,2,3,1,6,86,3,1,2,3,0,69.61614543812246
12,72,2,2,0,7,67,1,0,2,2,0,60.96332119018467
29,75,1,2,1,7,96,1,2,2,3,0,68.69950172028652
13,74,2,2,0,6,64,1,4,3,3,1,63.41560070303851
20,71,2,1,1,6,92,3,1,2,4,0,65.81832143142432
22,78,2,2,1,8,61,2,2,2,5,0,67.41971207613852
16,77,2,3,1,8,74,2,0,1,2,0,65.06548604651613
27,92,2,2,1,7,81,2,0,2,1,0,70.96302595050163
18,85,2,2,1,6,57,1,2,3,2,0,66.98042035642945
20,78,3,2,1,10,85,2,1,3,3,0,68.65270585343836
27,90,3,3,0,7,92,2,0,2,3,0,72.89960353023632
23,72,1,2,0,6,61,3,1,2,5,0,64.97884375154398
21,76,1,2,0,6,50,1,2,2,4,0,63.931360315216494
23,87,3,2,0,5,96,2,2,2,3,0,71.3726417895833
